industry,beginning
COMMUNICATIONS,ABC
COMMUNICATIONS,ABCO
COMMUNICATIONS,ABCOM
COMMUNICATIONS,ALB
COMMUNICATIONS,ALBA
COMMUNICATIONS,ALBAS
COMMUNICATIONS,ALBT
COMMUNICATIONS,ALBTE
COMMUNICATIONS,ALBTEL
COMMUNICATIONS,BLE
COMMUNICATIONS,BLET
COMMUNICATIONS,BLETA
COMMUNICATIONS,BWB
COMMUNICATIONS,DIG
COMMUNICATIONS,DIGI
COMMUNICATIONS,DIGIT
COMMUNICATIONS,DIGIT-
COMMUNICATIONS,IDE
COMMUNICATIONS,IDEA
COMMUNICATIONS,IDEAR
COMMUNICATIONS,IDEART
COMMUNICATIONS,INF
COMMUNICATIONS,INFO
COMMUNICATIONS,INFO-
COMMUNICATIONS,INFO-T
COMMUNICATIONS,INT
COMMUNICATIONS,INTE
COMMUNICATIONS,INTER
COMMUNICATIONS,INTERC
COMMUNICATIONS,ORA
COMMUNICATIONS,SAF
COMMUNICATIONS,SAFE
COMMUNICATIONS,SAFEC
COMMUNICATIONS,SAFECO
CONSUMER DISCRETIONARY,A.F
CONSUMER DISCRETIONARY,A.F.
CONSUMER DISCRETIONARY,A.F.M
CONSUMER DISCRETIONARY,A.F.M.
CONSUMER DISCRETIONARY,ADI
CONSUMER DISCRETIONARY,ALA
CONSUMER DISCRETIONARY,ALAN
CONSUMER DISCRETIONARY,ALAN-
CONSUMER DISCRETIONARY,ALAN-G
CONSUMER DISCRETIONARY,ALB
CONSUMER DISCRETIONARY,ALB-
CONSUMER DISCRETIONARY,ALB-K
CONSUMER DISCRETIONARY,ALB-KL
CONSUMER DISCRETIONARY,ALBA
CONSUMER DISCRETIONARY,ALBAF
CONSUMER DISCRETIONARY,ALBAFO
CONSUMER DISCRETIONARY,ALBD
CONSUMER DISCRETIONARY,ALBDE
CONSUMER DISCRETIONARY,ALBDES
CONSUMER DISCRETIONARY,ALG
CONSUMER DISCRETIONARY,ALGR
CONSUMER DISCRETIONARY,ALGRA
CONSUMER DISCRETIONARY,ALGRAF
CONSUMER DISCRETIONARY,AMB
CONSUMER DISCRETIONARY,AMBR
CONSUMER DISCRETIONARY,AMBRA
CONSUMER DISCRETIONARY,AMR
CONSUMER DISCRETIONARY,ANA
CONSUMER DISCRETIONARY,ANAI
CONSUMER DISCRETIONARY,ANAIS
CONSUMER DISCRETIONARY,ANAS
CONSUMER DISCRETIONARY,ANE
CONSUMER DISCRETIONARY,ANER
CONSUMER DISCRETIONARY,ARF
CONSUMER DISCRETIONARY,ARFA
CONSUMER DISCRETIONARY,ATE
CONSUMER DISCRETIONARY,ATEX
CONSUMER DISCRETIONARY,ATH
CONSUMER DISCRETIONARY,ATHS
CONSUMER DISCRETIONARY,AUT
CONSUMER DISCRETIONARY,AUTO
CONSUMER DISCRETIONARY,AUTO-
CONSUMER DISCRETIONARY,AUTO-P
CONSUMER DISCRETIONARY,AUTOV
CONSUMER DISCRETIONARY,AUTOVI
CONSUMER DISCRETIONARY,AVE
CONSUMER DISCRETIONARY,AVEL
CONSUMER DISCRETIONARY,B-S
CONSUMER DISCRETIONARY,B-SE
CONSUMER DISCRETIONARY,B-SER
CONSUMER DISCRETIONARY,B-SERV
CONSUMER DISCRETIONARY,BES
CONSUMER DISCRETIONARY,BEST
CONSUMER DISCRETIONARY,BESTS
CONSUMER DISCRETIONARY,BESTSE
CONSUMER DISCRETIONARY,BRA
CONSUMER DISCRETIONARY,BRAD
CONSUMER DISCRETIONARY,BRADE
CONSUMER DISCRETIONARY,BRADEA
CONSUMER DISCRETIONARY,BRAK
CONSUMER DISCRETIONARY,BRAKA
CONSUMER DISCRETIONARY,BRAN
CONSUMER DISCRETIONARY,BRAND
CONSUMER DISCRETIONARY,BRANDN
CONSUMER DISCRETIONARY,BRE
CONSUMER DISCRETIONARY,BREG
CONSUMER DISCRETIONARY,BREGU
CONSUMER DISCRETIONARY,BUJ
CONSUMER DISCRETIONARY,BUJA
CONSUMER DISCRETIONARY,BUJAR
CONSUMER DISCRETIONARY,BUJARI
CONSUMER DISCRETIONARY,Bal
CONSUMER DISCRETIONARY,Balf
CONSUMER DISCRETIONARY,Balfi
CONSUMER DISCRETIONARY,Balfin
CONSUMER DISCRETIONARY,Bes
CONSUMER DISCRETIONARY,Best
CONSUMER DISCRETIONARY,Best.
CONSUMER DISCRETIONARY,Best.B
CONSUMER DISCRETIONARY,C.A
CONSUMER DISCRETIONARY,C.A.
CONSUMER DISCRETIONARY,C.A.A
CONSUMER DISCRETIONARY,C.A.A.
CONSUMER DISCRETIONARY,CCS
CONSUMER DISCRETIONARY,CLA
CONSUMER DISCRETIONARY,CLAS
CONSUMER DISCRETIONARY,CLASS
CONSUMER DISCRETIONARY,CLASSI
CONSUMER DISCRETIONARY,CON
CONSUMER DISCRETIONARY,CONN
CONSUMER DISCRETIONARY,CONNE
CONSUMER DISCRETIONARY,CONNEC
CONSUMER DISCRETIONARY,DER
CONSUMER DISCRETIONARY,DERR
CONSUMER DISCRETIONARY,DERRI
CONSUMER DISCRETIONARY,DERRIG
CONSUMER DISCRETIONARY,DIA
CONSUMER DISCRETIONARY,DIAL
CONSUMER DISCRETIONARY,DIAL-
CONSUMER DISCRETIONARY,DIAL-A
CONSUMER DISCRETIONARY,DON
CONSUMER DISCRETIONARY,DONI
CONSUMER DISCRETIONARY,DONIA
CONSUMER DISCRETIONARY,DONIAN
CONSUMER DISCRETIONARY,EGO
CONSUMER DISCRETIONARY,EGOI
CONSUMER DISCRETIONARY,EGOIL
CONSUMER DISCRETIONARY,ELE
CONSUMER DISCRETIONARY,ELEK
CONSUMER DISCRETIONARY,ELEKT
CONSUMER DISCRETIONARY,ELEKTR
CONSUMER DISCRETIONARY,END
CONSUMER DISCRETIONARY,ENDI
CONSUMER DISCRETIONARY,ENE
CONSUMER DISCRETIONARY,ENED
CONSUMER DISCRETIONARY,ENEDA
CONSUMER DISCRETIONARY,ERI
CONSUMER DISCRETIONARY,EUR
CONSUMER DISCRETIONARY,EURO
CONSUMER DISCRETIONARY,EUROM
CONSUMER DISCRETIONARY,EUROMO
CONSUMER DISCRETIONARY,Eri
CONSUMER DISCRETIONARY,FER
CONSUMER DISCRETIONARY,FERL
CONSUMER DISCRETIONARY,FERLU
CONSUMER DISCRETIONARY,FERLUT
CONSUMER DISCRETIONARY,FES
CONSUMER DISCRETIONARY,FESN
CONSUMER DISCRETIONARY,FESNA
CONSUMER DISCRETIONARY,FLL
CONSUMER DISCRETIONARY,FLLA
CONSUMER DISCRETIONARY,FLLAD
CONSUMER DISCRETIONARY,FLLADI
CONSUMER DISCRETIONARY,FPM
CONSUMER DISCRETIONARY,FPMT
CONSUMER DISCRETIONARY,FPMTU
CONSUMER DISCRETIONARY,FPMTUT
CONSUMER DISCRETIONARY,FRA
CONSUMER DISCRETIONARY,FRAN
CONSUMER DISCRETIONARY,FRANC
CONSUMER DISCRETIONARY,FRANCE
CONSUMER DISCRETIONARY,FRE
CONSUMER DISCRETIONARY,FRES
CONSUMER DISCRETIONARY,FRESK
CONSUMER DISCRETIONARY,FRESKU
CONSUMER DISCRETIONARY,GAZ
CONSUMER DISCRETIONARY,GAZY
CONSUMER DISCRETIONARY,GAZYK
CONSUMER DISCRETIONARY,GAZYKA
CONSUMER DISCRETIONARY,GEA
CONSUMER DISCRETIONARY,GEAR
CONSUMER DISCRETIONARY,GEARO
CONSUMER DISCRETIONARY,GEAROL
CONSUMER DISCRETIONARY,GIN
CONSUMER DISCRETIONARY,GING
CONSUMER DISCRETIONARY,GINGE
CONSUMER DISCRETIONARY,GINGER
CONSUMER DISCRETIONARY,GJI
CONSUMER DISCRETIONARY,GJIC
CONSUMER DISCRETIONARY,GJICI
CONSUMER DISCRETIONARY,GLO
CONSUMER DISCRETIONARY,GLOB
CONSUMER DISCRETIONARY,GLOBA
CONSUMER DISCRETIONARY,GLOBAL
CONSUMER DISCRETIONARY,GLOBU
CONSUMER DISCRETIONARY,GLOBUS
CONSUMER DISCRETIONARY,GOM
CONSUMER DISCRETIONARY,GOMA
CONSUMER DISCRETIONARY,GRA
CONSUMER DISCRETIONARY,GRAN
CONSUMER DISCRETIONARY,GRAND
CONSUMER DISCRETIONARY,GRAND-
CONSUMER DISCRETIONARY,Gaz
CONSUMER DISCRETIONARY,Gazy
CONSUMER DISCRETIONARY,Gazyk
CONSUMER DISCRETIONARY,Gazyka
CONSUMER DISCRETIONARY,H.L
CONSUMER DISCRETIONARY,H.L.
CONSUMER DISCRETIONARY,H.L.-
CONSUMER DISCRETIONARY,H.L.-G
CONSUMER DISCRETIONARY,HYD
CONSUMER DISCRETIONARY,HYDR
CONSUMER DISCRETIONARY,HYDRO
CONSUMER DISCRETIONARY,HYDROP
CONSUMER DISCRETIONARY,IGL
CONSUMER DISCRETIONARY,IGLA
CONSUMER DISCRETIONARY,IMP
CONSUMER DISCRETIONARY,IMPU
CONSUMER DISCRETIONARY,IMPUL
CONSUMER DISCRETIONARY,IMPULS
CONSUMER DISCRETIONARY,ITD
CONSUMER DISCRETIONARY,JOE
CONSUMER DISCRETIONARY,JOEN
CONSUMER DISCRETIONARY,JOENA
CONSUMER DISCRETIONARY,JOT
CONSUMER DISCRETIONARY,JOTI
CONSUMER DISCRETIONARY,JUN
CONSUMER DISCRETIONARY,JUNI
CONSUMER DISCRETIONARY,JUNIK
CONSUMER DISCRETIONARY,Joe
CONSUMER DISCRETIONARY,Joen
CONSUMER DISCRETIONARY,Joena
CONSUMER DISCRETIONARY,K.I
CONSUMER DISCRETIONARY,K.I.
CONSUMER DISCRETIONARY,K.I.D
CONSUMER DISCRETIONARY,K.I.DO
CONSUMER DISCRETIONARY,KAD
CONSUMER DISCRETIONARY,KADI
CONSUMER DISCRETIONARY,KADIU
CONSUMER DISCRETIONARY,KLE
CONSUMER DISCRETIONARY,KLEI
CONSUMER DISCRETIONARY,KLEID
CONSUMER DISCRETIONARY,KLEIDI
CONSUMER DISCRETIONARY,KOA
CONSUMER DISCRETIONARY,KOAN
CONSUMER DISCRETIONARY,LAN
CONSUMER DISCRETIONARY,LANI
CONSUMER DISCRETIONARY,LEX
CONSUMER DISCRETIONARY,LEXA
CONSUMER DISCRETIONARY,LEXAL
CONSUMER DISCRETIONARY,LEXALK
CONSUMER DISCRETIONARY,LUA
CONSUMER DISCRETIONARY,LUAN
CONSUMER DISCRETIONARY,M.R
CONSUMER DISCRETIONARY,M.RR
CONSUMER DISCRETIONARY,M.RRY
CONSUMER DISCRETIONARY,M.RRYC
CONSUMER DISCRETIONARY,MAR
CONSUMER DISCRETIONARY,MARI
CONSUMER DISCRETIONARY,MAS
CONSUMER DISCRETIONARY,MAST
CONSUMER DISCRETIONARY,MASTE
CONSUMER DISCRETIONARY,MASTER
CONSUMER DISCRETIONARY,MED
CONSUMER DISCRETIONARY,MEDF
CONSUMER DISCRETIONARY,MEDFA
CONSUMER DISCRETIONARY,MEDFAU
CONSUMER DISCRETIONARY,MEG
CONSUMER DISCRETIONARY,MEGA
CONSUMER DISCRETIONARY,MEGAT
CONSUMER DISCRETIONARY,MEGATE
CONSUMER DISCRETIONARY,MET
CONSUMER DISCRETIONARY,METR
CONSUMER DISCRETIONARY,METRO
CONSUMER DISCRETIONARY,MIT
CONSUMER DISCRETIONARY,MITA
CONSUMER DISCRETIONARY,MSE
CONSUMER DISCRETIONARY,NEL
CONSUMER DISCRETIONARY,NELT
CONSUMER DISCRETIONARY,NEP
CONSUMER DISCRETIONARY,NEPT
CONSUMER DISCRETIONARY,NEPTU
CONSUMER DISCRETIONARY,NEPTUN
CONSUMER DISCRETIONARY,NON
CONSUMER DISCRETIONARY,NONA
CONSUMER DISCRETIONARY,OLS
CONSUMER DISCRETIONARY,OLSI
CONSUMER DISCRETIONARY,POR
CONSUMER DISCRETIONARY,PORT
CONSUMER DISCRETIONARY,PORTO
CONSUMER DISCRETIONARY,PORTOB
CONSUMER DISCRETIONARY,PRI
CONSUMER DISCRETIONARY,PRIM
CONSUMER DISCRETIONARY,PRIMA
CONSUMER DISCRETIONARY,PRIMAL
CONSUMER DISCRETIONARY,PUB
CONSUMER DISCRETIONARY,PUBL
CONSUMER DISCRETIONARY,PUBLI
CONSUMER DISCRETIONARY,PUBLIC
CONSUMER DISCRETIONARY,PUBLIX
CONSUMER DISCRETIONARY,RAJ
CONSUMER DISCRETIONARY,RAJE
CONSUMER DISCRETIONARY,RAJET
CONSUMER DISCRETIONARY,REM
CONSUMER DISCRETIONARY,REMA
CONSUMER DISCRETIONARY,REMAL
CONSUMER DISCRETIONARY,RHG
CONSUMER DISCRETIONARY,SAL
CONSUMER DISCRETIONARY,SALT
CONSUMER DISCRETIONARY,SALTI
CONSUMER DISCRETIONARY,SALTI-
CONSUMER DISCRETIONARY,SAV
CONSUMER DISCRETIONARY,SAVA
CONSUMER DISCRETIONARY,SAVAT
CONSUMER DISCRETIONARY,SAVATO
CONSUMER DISCRETIONARY,SEG
CONSUMER DISCRETIONARY,SEGM
CONSUMER DISCRETIONARY,SEGME
CONSUMER DISCRETIONARY,SEGMEN
CONSUMER DISCRETIONARY,SHA
CONSUMER DISCRETIONARY,SHAG
CONSUMER DISCRETIONARY,SHAGA
CONSUMER DISCRETIONARY,TAI
CONSUMER DISCRETIONARY,TAIW
CONSUMER DISCRETIONARY,TAIWA
CONSUMER DISCRETIONARY,TAIWAN
CONSUMER DISCRETIONARY,TIL
CONSUMER DISCRETIONARY,TILU
CONSUMER DISCRETIONARY,TILUX
CONSUMER DISCRETIONARY,UFO
CONSUMER DISCRETIONARY,UNI
CONSUMER DISCRETIONARY,UNI-
CONSUMER DISCRETIONARY,UNI-C
CONSUMER DISCRETIONARY,UNI-CO
CONSUMER DISCRETIONARY,VAL
CONSUMER DISCRETIONARY,VALE
CONSUMER DISCRETIONARY,VALEN
CONSUMER DISCRETIONARY,VALENT
CONSUMER DISCRETIONARY,VEK
CONSUMER DISCRETIONARY,VEKO
CONSUMER DISCRETIONARY,VIB
CONSUMER DISCRETIONARY,VIBI
CONSUMER DISCRETIONARY,VIBIA
CONSUMER DISCRETIONARY,VIN
CONSUMER DISCRETIONARY,VINI
CONSUMER DISCRETIONARY,VINIP
CONSUMER DISCRETIONARY,VINIPH
CONSUMER DISCRETIONARY,WEL
CONSUMER DISCRETIONARY,WELL
CONSUMER STAPLES,A&M
CONSUMER STAPLES,A-E
CONSUMER STAPLES,A-E-
CONSUMER STAPLES,A-E-1
CONSUMER STAPLES,A.M
CONSUMER STAPLES,A.M.
CONSUMER STAPLES,A.M.G
CONSUMER STAPLES,ABD
CONSUMER STAPLES,ABDU
CONSUMER STAPLES,ABDUR
CONSUMER STAPLES,ABDURA
CONSUMER STAPLES,AGN
CONSUMER STAPLES,AGNA
CONSUMER STAPLES,AGR
CONSUMER STAPLES,AGRO
CONSUMER STAPLES,AGROM
CONSUMER STAPLES,AGROME
CONSUMER STAPLES,ALF
CONSUMER STAPLES,ALFA
CONSUMER STAPLES,APO
CONSUMER STAPLES,APOL
CONSUMER STAPLES,APOLO
CONSUMER STAPLES,APOLON
CONSUMER STAPLES,ATL
CONSUMER STAPLES,ATLA
CONSUMER STAPLES,ATLAS
CONSUMER STAPLES,B.M
CONSUMER STAPLES,BEA
CONSUMER STAPLES,BEAT
CONSUMER STAPLES,BEATA
CONSUMER STAPLES,BES
CONSUMER STAPLES,BESN
CONSUMER STAPLES,BESNI
CONSUMER STAPLES,BESNIK
CONSUMER STAPLES,BIO
CONSUMER STAPLES,BIOM
CONSUMER STAPLES,BIOMA
CONSUMER STAPLES,BIOMAR
CONSUMER STAPLES,BLE
CONSUMER STAPLES,BLE-
CONSUMER STAPLES,BLE-K
CONSUMER STAPLES,BLE-KL
CONSUMER STAPLES,BLO
CONSUMER STAPLES,BLOJ
CONSUMER STAPLES,BLOJA
CONSUMER STAPLES,BLU
CONSUMER STAPLES,BLU-
CONSUMER STAPLES,BLU-I
CONSUMER STAPLES,BLU-IM
CONSUMER STAPLES,BOM
CONSUMER STAPLES,BOMI
CONSUMER STAPLES,BOMIR
CONSUMER STAPLES,BOMIRA
CONSUMER STAPLES,CAV
CONSUMER STAPLES,CAVA
CONSUMER STAPLES,CAVAL
CONSUMER STAPLES,CAVALI
CONSUMER STAPLES,CRI
CONSUMER STAPLES,CRIL
CONSUMER STAPLES,CRILU
CONSUMER STAPLES,CRY
CONSUMER STAPLES,CRYS
CONSUMER STAPLES,CRYST
CONSUMER STAPLES,CRYSTA
CONSUMER STAPLES,DEI
CONSUMER STAPLES,DEIV
CONSUMER STAPLES,DEIVI
CONSUMER STAPLES,DEIVIS
CONSUMER STAPLES,DIA
CONSUMER STAPLES,DIAM
CONSUMER STAPLES,DIAMB
CONSUMER STAPLES,DIAMBE
CONSUMER STAPLES,DMC
CONSUMER STAPLES,DRI
CONSUMER STAPLES,DRIZ
CONSUMER STAPLES,DRIZA
CONSUMER STAPLES,DUP
CONSUMER STAPLES,DUPI
CONSUMER STAPLES,DUPI-
CONSUMER STAPLES,DUPI-F
CONSUMER STAPLES,EKS
CONSUMER STAPLES,EKSE
CONSUMER STAPLES,EKSEL
CONSUMER STAPLES,ELI
CONSUMER STAPLES,ELIS
CONSUMER STAPLES,ELISA
CONSUMER STAPLES,ELISA-
CONSUMER STAPLES,ELK
CONSUMER STAPLES,ELKO
CONSUMER STAPLES,ELKOS
CONSUMER STAPLES,ERD
CONSUMER STAPLES,ERDA
CONSUMER STAPLES,ESW
CONSUMER STAPLES,EUR
CONSUMER STAPLES,EURO
CONSUMER STAPLES,EUROL
CONSUMER STAPLES,EUROLA
CONSUMER STAPLES,EUROM
CONSUMER STAPLES,EUROMA
CONSUMER STAPLES,EUROME
CONSUMER STAPLES,EXT
CONSUMER STAPLES,EXTR
CONSUMER STAPLES,EXTRA
CONSUMER STAPLES,EXTRAM
CONSUMER STAPLES,FLO
CONSUMER STAPLES,FLOR
CONSUMER STAPLES,FLORY
CONSUMER STAPLES,FLORYH
CONSUMER STAPLES,FON
CONSUMER STAPLES,FONT
CONSUMER STAPLES,FONTE
CONSUMER STAPLES,FONTE-
CONSUMER STAPLES,GER
CONSUMER STAPLES,GERI
CONSUMER STAPLES,HAK
CONSUMER STAPLES,HAKO
CONSUMER STAPLES,HOD
CONSUMER STAPLES,HODA
CONSUMER STAPLES,HODAJ
CONSUMER STAPLES,I.A
CONSUMER STAPLES,I.A.
CONSUMER STAPLES,I.A.M
CONSUMER STAPLES,INT
CONSUMER STAPLES,INTE
CONSUMER STAPLES,INTER
CONSUMER STAPLES,INTERB
CONSUMER STAPLES,INTERK
CONSUMER STAPLES,INTERL
CONSUMER STAPLES,JUL
CONSUMER STAPLES,JULI
CONSUMER STAPLES,JULIA
CONSUMER STAPLES,JULIA-
CONSUMER STAPLES,JUR
CONSUMER STAPLES,JURR
CONSUMER STAPLES,JURRE
CONSUMER STAPLES,JURREI
CONSUMER STAPLES,KAL
CONSUMER STAPLES,KALI
CONSUMER STAPLES,KALIM
CONSUMER STAPLES,KALIME
CONSUMER STAPLES,KUI
CONSUMER STAPLES,KUIN
CONSUMER STAPLES,KUIND
CONSUMER STAPLES,KUINDA
CONSUMER STAPLES,MAR
CONSUMER STAPLES,MARK
CONSUMER STAPLES,MARKE
CONSUMER STAPLES,MARKET
CONSUMER STAPLES,MC-
CONSUMER STAPLES,MC-D
CONSUMER STAPLES,MC-DO
CONSUMER STAPLES,MC-DON
CONSUMER STAPLES,MED
CONSUMER STAPLES,MEDA
CONSUMER STAPLES,MEDAU
CONSUMER STAPLES,MEDAUR
CONSUMER STAPLES,MER
CONSUMER STAPLES,MERC
CONSUMER STAPLES,MERCU
CONSUMER STAPLES,MERCUR
CONSUMER STAPLES,MIL
CONSUMER STAPLES,MILK
CONSUMER STAPLES,MILKY
CONSUMER STAPLES,MON
CONSUMER STAPLES,MONA
CONSUMER STAPLES,MONAL
CONSUMER STAPLES,MONALB
CONSUMER STAPLES,N.N
CONSUMER STAPLES,ORB
CONSUMER STAPLES,ORBI
CONSUMER STAPLES,ORBIC
CONSUMER STAPLES,ORBICO
CONSUMER STAPLES,ORT
CONSUMER STAPLES,ORTI
CONSUMER STAPLES,PLA
CONSUMER STAPLES,PLAN
CONSUMER STAPLES,PLANE
CONSUMER STAPLES,PLANET
CONSUMER STAPLES,PRI
CONSUMER STAPLES,PRIM
CONSUMER STAPLES,PRIMA
CONSUMER STAPLES,PRO
CONSUMER STAPLES,PROG
CONSUMER STAPLES,PROGO
CONSUMER STAPLES,PROGON
CONSUMER STAPLES,PUL
CONSUMER STAPLES,PULA
CONSUMER STAPLES,PULA.
CONSUMER STAPLES,PULA.C
CONSUMER STAPLES,QAF
CONSUMER STAPLES,QAFS
CONSUMER STAPLES,QAFSH
CONSUMER STAPLES,QAFSHT
CONSUMER STAPLES,R.M
CONSUMER STAPLES,R.M.
CONSUMER STAPLES,REA
CONSUMER STAPLES,REA'
CONSUMER STAPLES,REA'S
CONSUMER STAPLES,REL
CONSUMER STAPLES,RELI
CONSUMER STAPLES,RELIK
CONSUMER STAPLES,RELIKA
CONSUMER STAPLES,ROS
CONSUMER STAPLES,ROSS
CONSUMER STAPLES,ROSSM
CONSUMER STAPLES,ROSSMA
CONSUMER STAPLES,ROZ
CONSUMER STAPLES,ROZA
CONSUMER STAPLES,ROZAF
CONSUMER STAPLES,ROZAFA
CONSUMER STAPLES,S.A
CONSUMER STAPLES,S.A-
CONSUMER STAPLES,S.A-S
CONSUMER STAPLES,S.A-SA
CONSUMER STAPLES,SAU
CONSUMER STAPLES,SAUB
CONSUMER STAPLES,SAUBE
CONSUMER STAPLES,SAUBER
CONSUMER STAPLES,SEA
CONSUMER STAPLES,SEA-
CONSUMER STAPLES,SEA-F
CONSUMER STAPLES,SEA-FI
CONSUMER STAPLES,SHU
CONSUMER STAPLES,SHUL
CONSUMER STAPLES,SHULL
CONSUMER STAPLES,SHULLA
CONSUMER STAPLES,SID
CONSUMER STAPLES,SIDN
CONSUMER STAPLES,SIDNE
CONSUMER STAPLES,SIDNEJ
CONSUMER STAPLES,SKR
CONSUMER STAPLES,SKRA
CONSUMER STAPLES,SKRAQ
CONSUMER STAPLES,SKRAQI
CONSUMER STAPLES,SOF
CONSUMER STAPLES,SOFI
CONSUMER STAPLES,SOFIS
CONSUMER STAPLES,SOFISH
CONSUMER STAPLES,SUC
CONSUMER STAPLES,SUCR
CONSUMER STAPLES,SUCRA
CONSUMER STAPLES,SUCRAL
CONSUMER STAPLES,T.E
CONSUMER STAPLES,T.E.
CONSUMER STAPLES,T.E.A
CONSUMER STAPLES,TOM
CONSUMER STAPLES,TOMA
CONSUMER STAPLES,TOMAT
CONSUMER STAPLES,TOMATO
CONSUMER STAPLES,TON
CONSUMER STAPLES,TONA
CONSUMER STAPLES,TONA-
CONSUMER STAPLES,TONA-A
CONSUMER STAPLES,VAL
CONSUMER STAPLES,VALT
CONSUMER STAPLES,VALTE
CONSUMER STAPLES,VALTEL
CONSUMER STAPLES,VER
CONSUMER STAPLES,VERT
CONSUMER STAPLES,VERTI
CONSUMER STAPLES,VERTIG
CONSUMER STAPLES,YLD
CONSUMER STAPLES,YLDO
CONSUMER STAPLES,YLDON
CONSUMER STAPLES,ZIC
CONSUMER STAPLES,ZICO
ENERGY,ALB
ENERGY,ALBA
ENERGY,ALBAO
ENERGY,ALBAOI
ENERGY,ALBD
ENERGY,ALBDR
ENERGY,ALBDRI
ENERGY,ARM
ENERGY,ARMO
ENERGY,BEN
ENERGY,BENA
ENERGY,BENA-
ENERGY,BENA-G
ENERGY,BRA
ENERGY,BRAK
ENERGY,BRAKA
ENERGY,E.T
ENERGY,E.T.
ENERGY,E.T.M
ENERGY,EFO
ENERGY,EFOR
ENERGY,EFOR-
ENERGY,EFOR-K
ENERGY,ENE
ENERGY,ENER
ENERGY,ENERA
ENERGY,ENERAL
ENERGY,EUR
ENERGY,EURO
ENERGY,EUROI
ENERGY,EUROIL
ENERGY,FIT
ENERGY,FIT-
ENERGY,FIT-M
ENERGY,FIT-ME
ENERGY,GEG
ENERGY,GEGA
ENERGY,GJY
ENERGY,GJYZ
ENERGY,GJYZE
ENERGY,GJYZEL
ENERGY,GLO
ENERGY,GLOB
ENERGY,GLOBA
ENERGY,GLOBAL
ENERGY,ILI
ENERGY,ILIR
ENERGY,INT
ENERGY,INTE
ENERGY,INTER
ENERGY,INTER-
ENERGY,JOT
ENERGY,JOTI
ENERGY,KAL
ENERGY,KALA
ENERGY,KALAJ
ENERGY,KALAJA
ENERGY,KEV
ENERGY,KEVI
ENERGY,KEVIN
ENERGY,KEVIN-
ENERGY,KUI
ENERGY,KUID
ENERGY,PET
ENERGY,PETR
ENERGY,PETRO
ENERGY,PETROL
ENERGY,VIL
ENERGY,VILO
ENERGY,VILOI
ENERGY,VILOIL
FINANCIALS,CIT
FINANCIALS,CITY
FINANCIALS,CITYP
FINANCIALS,CITYPA
FINANCIALS,FUN
FINANCIALS,FUND
FINANCIALS,FUNDW
FINANCIALS,FUNDWA
FINANCIALS,MOT
FINANCIALS,MOTU
FINANCIALS,MOTUS
FINANCIALS,TRA
FINANCIALS,TRAN
FINANCIALS,TRANZ
FINANCIALS,TRANZI
HEALTH CARE,BIO
HEALTH CARE,BIOM
HEALTH CARE,BIOME
HEALTH CARE,BIOMED
HEALTH CARE,DIA
HEALTH CARE,DIAV
HEALTH CARE,DIAVI
HEALTH CARE,DIAVIT
HEALTH CARE,EVI
HEALTH CARE,EVIT
HEALTH CARE,EVITA
HEALTH CARE,FED
HEALTH CARE,FEDO
HEALTH CARE,FEDOS
HEALTH CARE,GTS
HEALTH CARE,INT
HEALTH CARE,INTE
HEALTH CARE,INTER
HEALTH CARE,INTERM
HEALTH CARE,LAY
HEALTH CARE,LAYO
HEALTH CARE,MEG
HEALTH CARE,MEGA
HEALTH CARE,MEGAP
HEALTH CARE,MEGAPH
HEALTH CARE,NOV
HEALTH CARE,NOVA
HEALTH CARE,NOVAL
HEALTH CARE,PEG
HEALTH CARE,PEGA
HEALTH CARE,PEGAS
HEALTH CARE,PEGASU
HEALTH CARE,SAN
HEALTH CARE,SANI
HEALTH CARE,SANIS
HEALTH CARE,SANISE
HEALTH CARE,SOI
HEALTH CARE,SOIN
HEALTH CARE,SWI
HEALTH CARE,SWIS
HEALTH CARE,SWISS
HEALTH CARE,SWISSM
HEALTH CARE,TRI
HEALTH CARE,TRIM
HEALTH CARE,TRIME
HEALTH CARE,TRIMED
INDUSTRIALS,4A-
INDUSTRIALS,4A-M
INDUSTRIALS,A.N
INDUSTRIALS,A.N.
INDUSTRIALS,A.N.K
INDUSTRIALS,ABK
INDUSTRIALS,ABKO
INDUSTRIALS,ABKON
INDUSTRIALS,ABKONS
INDUSTRIALS,AFT
INDUSTRIALS,AK-
INDUSTRIALS,AK-C
INDUSTRIALS,AK-CO
INDUSTRIALS,AK-CON
INDUSTRIALS,ALB
INDUSTRIALS,ALB-
INDUSTRIALS,ALB-B
INDUSTRIALS,ALB-BU
INDUSTRIALS,ALB-L
INDUSTRIALS,ALB-LA
INDUSTRIALS,ALB-S
INDUSTRIALS,ALB-ST
INDUSTRIALS,ALBA
INDUSTRIALS,ALBA-
INDUSTRIALS,ALBA-T
INDUSTRIALS,ALBE
INDUSTRIALS,ALBES
INDUSTRIALS,ALBESO
INDUSTRIALS,ALBR
INDUSTRIALS,ALBRA
INDUSTRIALS,ALBRAI
INDUSTRIALS,ANM
INDUSTRIALS,ANME
INDUSTRIALS,ANMET
INDUSTRIALS,ANMETA
INDUSTRIALS,APM
INDUSTRIALS,ARB
INDUSTRIALS,ARBE
INDUSTRIALS,ARBEN
INDUSTRIALS,ARK
INDUSTRIALS,ARKO
INDUSTRIALS,ARKON
INDUSTRIALS,ARKONS
INDUSTRIALS,ASG
INDUSTRIALS,BE-
INDUSTRIALS,BE-I
INDUSTRIALS,BE-IS
INDUSTRIALS,BOL
INDUSTRIALS,BOLV
INDUSTRIALS,BOLV-
INDUSTRIALS,BOLV-O
INDUSTRIALS,BRU
INDUSTRIALS,BRUN
INDUSTRIALS,BRUNE
INDUSTRIALS,BRUNES
INDUSTRIALS,BRUNO
INDUSTRIALS,C.A
INDUSTRIALS,C.A.
INDUSTRIALS,C.A.E
INDUSTRIALS,C.A.E.
INDUSTRIALS,D-T
INDUSTRIALS,D-TR
INDUSTRIALS,D-TRA
INDUSTRIALS,D-TRAN
INDUSTRIALS,DEA
INDUSTRIALS,DEAP
INDUSTRIALS,DEAPR
INDUSTRIALS,DEAPRI
INDUSTRIALS,DEL
INDUSTRIALS,DELT
INDUSTRIALS,DELTA
INDUSTRIALS,DIA
INDUSTRIALS,DIAM
INDUSTRIALS,DIAMA
INDUSTRIALS,DIAMAN
INDUSTRIALS,DIS
INDUSTRIALS,DIST
INDUSTRIALS,DISTR
INDUSTRIALS,DISTRI
INDUSTRIALS,DOD
INDUSTRIALS,DODA
INDUSTRIALS,DODAJ
INDUSTRIALS,DOK
INDUSTRIALS,DOKO
INDUSTRIALS,EL-
INDUSTRIALS,EL-P
INDUSTRIALS,EL-PR
INDUSTRIALS,EL-PRO
INDUSTRIALS,ELE
INDUSTRIALS,ELEC
INDUSTRIALS,ELECT
INDUSTRIALS,ELECTR
INDUSTRIALS,EMA
INDUSTRIALS,EMAN
INDUSTRIALS,EMANT
INDUSTRIALS,EMANTE
INDUSTRIALS,ENE
INDUSTRIALS,ENER
INDUSTRIALS,ENERG
INDUSTRIALS,ENERGJ
INDUSTRIALS,ENERGY
INDUSTRIALS,ERZ
INDUSTRIALS,ERZE
INDUSTRIALS,ERZEN
INDUSTRIALS,ERZENI
INDUSTRIALS,EUR
INDUSTRIALS,EURO
INDUSTRIALS,EUROC
INDUSTRIALS,EUROCO
INDUSTRIALS,EUROE
INDUSTRIALS,EUROEL
INDUSTRIALS,EURON
INDUSTRIALS,EUROV
INDUSTRIALS,EUROVI
INDUSTRIALS,EVE
INDUSTRIALS,EVER
INDUSTRIALS,EVERE
INDUSTRIALS,EVERES
INDUSTRIALS,FAB
INDUSTRIALS,FABE
INDUSTRIALS,FABEN
INDUSTRIALS,FAT
INDUSTRIALS,FATJ
INDUSTRIALS,FATJO
INDUSTRIALS,FATJON
INDUSTRIALS,FIN
INDUSTRIALS,FINM
INDUSTRIALS,FINMA
INDUSTRIALS,FINMAN
INDUSTRIALS,FINT
INDUSTRIALS,FINTR
INDUSTRIALS,FINTRA
INDUSTRIALS,FLO
INDUSTRIALS,FLOR
INDUSTRIALS,FLORO
INDUSTRIALS,FLOROS
INDUSTRIALS,FRE
INDUSTRIALS,FRED
INDUSTRIALS,FREDI
INDUSTRIALS,FREDI-
INDUSTRIALS,FUS
INDUSTRIALS,FUSH
INDUSTRIALS,FUSHA
INDUSTRIALS,G.J
INDUSTRIALS,G.J.
INDUSTRIALS,G.J.G
INDUSTRIALS,G.J.GR
INDUSTRIALS,GEC
INDUSTRIALS,GECI
INDUSTRIALS,GIR
INDUSTRIALS,GIRO
INDUSTRIALS,GIRON
INDUSTRIALS,GJI
INDUSTRIALS,GJIK
INDUSTRIALS,GJIKU
INDUSTRIALS,GJIKUR
INDUSTRIALS,GRO
INDUSTRIALS,GROU
INDUSTRIALS,GROUP
INDUSTRIALS,I.D
INDUSTRIALS,I.D.
INDUSTRIALS,I.D.K
INDUSTRIALS,I.D.K-
INDUSTRIALS,I.S
INDUSTRIALS,I.S.
INDUSTRIALS,I.S.P
INDUSTRIALS,I.S.P.
INDUSTRIALS,ICM
INDUSTRIALS,ICMS
INDUSTRIALS,INF
INDUSTRIALS,INFR
INDUSTRIALS,INFRA
INDUSTRIALS,INFRAK
INDUSTRIALS,INT
INDUSTRIALS,INTE
INDUSTRIALS,INTER
INDUSTRIALS,INTERO
INDUSTRIALS,INV
INDUSTRIALS,INVE
INDUSTRIALS,INVES
INDUSTRIALS,INVEST
INDUSTRIALS,J-C
INDUSTRIALS,J-Co
INDUSTRIALS,J-Coi
INDUSTRIALS,J-Coil
INDUSTRIALS,KAD
INDUSTRIALS,KADR
INDUSTRIALS,KADRI
INDUSTRIALS,KADRIA
INDUSTRIALS,KEA
INDUSTRIALS,KEAD
INDUSTRIALS,KEL
INDUSTRIALS,KELV
INDUSTRIALS,KELVI
INDUSTRIALS,KELVIS
INDUSTRIALS,KER
INDUSTRIALS,KERR
INDUSTRIALS,KERRI
INDUSTRIALS,KIK
INDUSTRIALS,KIKA
INDUSTRIALS,KIR
INDUSTRIALS,KIRC
INDUSTRIALS,KIRCH
INDUSTRIALS,KIRCHB
INDUSTRIALS,KTH
INDUSTRIALS,KTHE
INDUSTRIALS,KTHEL
INDUSTRIALS,KTHELL
INDUSTRIALS,KUP
INDUSTRIALS,KUPA
INDUSTRIALS,L.N
INDUSTRIALS,L.N.
INDUSTRIALS,L.N.K
INDUSTRIALS,LAL
INDUSTRIALS,LALA
INDUSTRIALS,LAP
INDUSTRIALS,LAPE
INDUSTRIALS,LAPEN
INDUSTRIALS,LLA
INDUSTRIALS,LLAZ
INDUSTRIALS,LLAZO
INDUSTRIALS,M-P
INDUSTRIALS,M-PA
INDUSTRIALS,M-PAY
INDUSTRIALS,MBM
INDUSTRIALS,NAZ
INDUSTRIALS,NAZE
INDUSTRIALS,NAZER
INDUSTRIALS,NAZERI
INDUSTRIALS,NDR
INDUSTRIALS,NDRE
INDUSTRIALS,NDREG
INDUSTRIALS,NDREGJ
INDUSTRIALS,NDREK
INDUSTRIALS,NDREKA
INDUSTRIALS,ORM
INDUSTRIALS,ORMA
INDUSTRIALS,ORMAR
INDUSTRIALS,ORMARS
INDUSTRIALS,PEL
INDUSTRIALS,PELI
INDUSTRIALS,PELIK
INDUSTRIALS,PELIKA
INDUSTRIALS,PER
INDUSTRIALS,PERX
INDUSTRIALS,PERXH
INDUSTRIALS,PERXHO
INDUSTRIALS,PIR
INDUSTRIALS,PIRR
INDUSTRIALS,PIRRA
INDUSTRIALS,PIRRAC
INDUSTRIALS,PRO
INDUSTRIALS,PROT
INDUSTRIALS,PROTO
INDUSTRIALS,PROTON
INDUSTRIALS,REJ
INDUSTRIALS,S.A
INDUSTRIALS,S.AG
INDUSTRIALS,SAL
INDUSTRIALS,SALI
INDUSTRIALS,SALIL
INDUSTRIALS,SALILL
INDUSTRIALS,SEL
INDUSTRIALS,SELA
INDUSTRIALS,SELAM
INDUSTRIALS,SELAMI
INDUSTRIALS,SEN
INDUSTRIALS,SENK
INDUSTRIALS,SENKA
INDUSTRIALS,SHA
INDUSTRIALS,SHAL
INDUSTRIALS,SHALA
INDUSTRIALS,SHALA-
INDUSTRIALS,SHE
INDUSTRIALS,SHEG
INDUSTRIALS,SHEGA
INDUSTRIALS,SHEGA-
INDUSTRIALS,SHI
INDUSTRIALS,SHIJ
INDUSTRIALS,SHIJA
INDUSTRIALS,SHIJAK
INDUSTRIALS,SHP
INDUSTRIALS,SHPK
INDUSTRIALS,SOL
INDUSTRIALS,SOLA
INDUSTRIALS,SOLAR
INDUSTRIALS,STA
INDUSTRIALS,STAR
INDUSTRIALS,START
INDUSTRIALS,STARTE
INDUSTRIALS,STR
INDUSTRIALS,STRA
INDUSTRIALS,STRAB
INDUSTRIALS,STRABA
INDUSTRIALS,SUP
INDUSTRIALS,SUPE
INDUSTRIALS,SUPER
INDUSTRIALS,SUPERB
INDUSTRIALS,T-M
INDUSTRIALS,T-ME
INDUSTRIALS,T-MED
INDUSTRIALS,T-MEDS
INDUSTRIALS,TEO
INDUSTRIALS,TEOR
INDUSTRIALS,TEORE
INDUSTRIALS,TEOREN
INDUSTRIALS,TRA
INDUSTRIALS,TRAN
INDUSTRIALS,TRANS
INDUSTRIALS,TRANSA
INDUSTRIALS,ULZ
INDUSTRIALS,ULZA
INDUSTRIALS,VIB
INDUSTRIALS,VIBT
INDUSTRIALS,VIBTI
INDUSTRIALS,VIBTIS
INDUSTRIALS,VIK
INDUSTRIALS,VIKI
INDUSTRIALS,WIN
INDUSTRIALS,WIND
INDUSTRIALS,WIND-
INDUSTRIALS,WIND-C
INDUSTRIALS,WON
INDUSTRIALS,WOND
INDUSTRIALS,WONDE
INDUSTRIALS,WONDER
INFORMATION TECHNOLOGY,ARF
INFORMATION TECHNOLOGY,ARFA
INFORMATION TECHNOLOGY,ARFAN
INFORMATION TECHNOLOGY,ARFANE
INFORMATION TECHNOLOGY,ATO
INFORMATION TECHNOLOGY,ATOM
INFORMATION TECHNOLOGY,BIN
INFORMATION TECHNOLOGY,BIND
INFORMATION TECHNOLOGY,BINDI
INFORMATION TECHNOLOGY,FAS
INFORMATION TECHNOLOGY,FAST
INFORMATION TECHNOLOGY,FASTE
INFORMATION TECHNOLOGY,FASTEC
INFORMATION TECHNOLOGY,NOR
INFORMATION TECHNOLOGY,NORE
INFORMATION TECHNOLOGY,NOREA
INFORMATION TECHNOLOGY,NOREAL
INFORMATION TECHNOLOGY,TET
INFORMATION TECHNOLOGY,TETR
INFORMATION TECHNOLOGY,TETRA
MATERIALS,3-D
MATERIALS,3AM
MATERIALS,AEO
MATERIALS,AEOT
MATERIALS,AL-
MATERIALS,AL-B
MATERIALS,AL-BA
MATERIALS,AL-BAS
MATERIALS,ALB
MATERIALS,ALBA
MATERIALS,ALBAM
MATERIALS,ALBAME
MATERIALS,ALBC
MATERIALS,ALBCH
MATERIALS,ALBCHR
MATERIALS,ALBP
MATERIALS,ALBPL
MATERIALS,ALBPLA
MATERIALS,ALU
MATERIALS,ALUM
MATERIALS,ALUMI
MATERIALS,ALUMIL
MATERIALS,ANI
MATERIALS,ASA
MATERIALS,ASAB
MATERIALS,B.I
MATERIALS,B.I.
MATERIALS,B.I.A
MATERIALS,B.I.A.
MATERIALS,BER
MATERIALS,BERA
MATERIALS,BERAL
MATERIALS,BERALB
MATERIALS,BERD
MATERIALS,BERDI
MATERIALS,BERDIC
MATERIALS,BOG
MATERIALS,BOGA
MATERIALS,BRI
MATERIALS,BRIS
MATERIALS,BRISE
MATERIALS,BRISEL
MATERIALS,CCA
MATERIALS,CCAL
MATERIALS,CCALB
MATERIALS,CON
MATERIALS,CONT
MATERIALS,CONTI
MATERIALS,CONTIN
MATERIALS,DAS
MATERIALS,DAST
MATERIALS,DEK
MATERIALS,DEKO
MATERIALS,DEKOL
MATERIALS,DEKOLL
MATERIALS,DEU
MATERIALS,DEUT
MATERIALS,DEUTS
MATERIALS,DEUTSC
MATERIALS,EDI
MATERIALS,EDIP
MATERIALS,EDIPA
MATERIALS,EDIPAC
MATERIALS,ELT
MATERIALS,ELTU
MATERIALS,ELTUB
MATERIALS,ERM
MATERIALS,ERMI
MATERIALS,ERMIR
MATERIALS,EUR
MATERIALS,EURO
MATERIALS,EURO-
MATERIALS,EURO-S
MATERIALS,EUROA
MATERIALS,EUROAS
MATERIALS,EUROC
MATERIALS,EUROCH
MATERIALS,GUL
MATERIALS,GULI
MATERIALS,GULIT
MATERIALS,I.X
MATERIALS,I.XH
MATERIALS,I.XH.
MATERIALS,I.XH.E
MATERIALS,IKO
MATERIALS,IKON
MATERIALS,IKONA
MATERIALS,ILA
MATERIALS,ILAR
MATERIALS,KLE
MATERIALS,KLER
MATERIALS,KLERV
MATERIALS,KLERVI
MATERIALS,KNA
MATERIALS,KNAU
MATERIALS,KNAUF
MATERIALS,KNAUF-
MATERIALS,KOK
MATERIALS,KOKA
MATERIALS,LES
MATERIALS,LESN
MATERIALS,LESNA
MATERIALS,MIL
MATERIALS,MILI
MATERIALS,MILIS
MATERIALS,PAP
MATERIALS,PAPM
MATERIALS,PAPME
MATERIALS,PAPMET
MATERIALS,RAM
MATERIALS,RAME
MATERIALS,RAMET
MATERIALS,RAMETA
MATERIALS,REN
MATERIALS,RENO
MATERIALS,RENOV
MATERIALS,RENOVA
MATERIALS,SAN
MATERIALS,SANT
MATERIALS,SANTA
MATERIALS,SANTAR
MATERIALS,SHK
MATERIALS,SHKO
MATERIALS,SHKOD
MATERIALS,SHKODR
MATERIALS,SIL
MATERIALS,SILB
MATERIALS,SILBO
MATERIALS,SILBOR
MATERIALS,TAR
MATERIALS,TAR-
MATERIALS,TAR-T
MATERIALS,TAR-TE
MATERIALS,VAK
MATERIALS,VAKE
MATERIALS,VAKEF
MATERIALS,VAKEFI
MATERIALS,VOL
MATERIALS,VOLA
MATERIALS,VOLAL
MATERIALS,VOLALB
MATERIALS,XHO
MATERIALS,XHOI
MATERIALS,XHOI-
MATERIALS,XHOI-T
MATERIALS,ZOD
MATERIALS,ZODI
MATERIALS,ZODIA
MATERIALS,ZODIAC
NOT RELEVANT,A.T
NOT RELEVANT,A.T.
NOT RELEVANT,A.T.M
NOT RELEVANT,ABO
NOT RELEVANT,ABO-
NOT RELEVANT,ABO-J
NOT RELEVANT,ABO-JA
NOT RELEVANT,AL&
NOT RELEVANT,AL&G
NOT RELEVANT,AL&GI
NOT RELEVANT,ALD
NOT RELEVANT,ALDO
NOT RELEVANT,ALDOS
NOT RELEVANT,ALDOSC
NOT RELEVANT,GUR
NOT RELEVANT,GURT
NOT RELEVANT,GURTE
NOT RELEVANT,GURTEN
NOT RELEVANT,K.I
NOT RELEVANT,K.I.
NOT RELEVANT,K.I.D
NOT RELEVANT,K.I.D-
NOT RELEVANT,LAR
NOT RELEVANT,LART
NOT RELEVANT,LARTI
NOT RELEVANT,MUM
NOT RELEVANT,MUMJ
NOT RELEVANT,MUMJA
NOT RELEVANT,PER
NOT RELEVANT,PERL
NOT RELEVANT,PERLA
NOT RELEVANT,RAJ
NOT RELEVANT,RAJC
NOT RELEVANT,RAJCA
NOT RELEVANT,RIV
NOT RELEVANT,RIVI
NOT RELEVANT,RIVIE
NOT RELEVANT,RIVIER
NOT RELEVANT,SOR
NOT RELEVANT,SORI
NOT RELEVANT,SORI-
NOT RELEVANT,SORI-A
NOT RELEVANT,SUL
NOT RELEVANT,SULK
NOT RELEVANT,SULKA
NOT RELEVANT,SULKAJ
REAL ESTATE,ALB
REAL ESTATE,ALBA
REAL ESTATE,ALBA-
REAL ESTATE,ALBA-E
REAL ESTATE,ARK
REAL ESTATE,ARKO
REAL ESTATE,ARKO-
REAL ESTATE,ARKO-2
REAL ESTATE,E-2
REAL ESTATE,E-20
REAL ESTATE,E-202
REAL ESTATE,E-2021
REAL ESTATE,EDI
REAL ESTATE,EDIC
REAL ESTATE,EDICO
REAL ESTATE,EDICOM
REAL ESTATE,ERB
REAL ESTATE,ERBI
REAL ESTATE,ERBIR
REAL ESTATE,ERBIRO
REAL ESTATE,ERJ
REAL ESTATE,ERJO
REAL ESTATE,ERJON
REAL ESTATE,ERJONI
REAL ESTATE,G.K
REAL ESTATE,G.KA
REAL ESTATE,G.KAM
REAL ESTATE,KLA
REAL ESTATE,KLAR
REAL ESTATE,PRO
REAL ESTATE,PROG
REAL ESTATE,PROGE
REAL ESTATE,PROGEE
REAL ESTATE,SE-
REAL ESTATE,SE-T
REAL ESTATE,SE-TU
REAL ESTATE,SE-TUR
REAL ESTATE,SHY
REAL ESTATE,SHYZ
REAL ESTATE,SHYZE
REAL ESTATE,SIB
REAL ESTATE,SIBO
REAL ESTATE,SIBOR
REAL ESTATE,SIBORO
UTILITIES,BEV
UTILITIES,BEVC
UTILITIES,BEVCO
UTILITIES,BEVCOM
UTILITIES,DON
UTILITIES,DON-
UTILITIES,DON-U
UTILITIES,DON-UC
UTILITIES,ENE
UTILITIES,ENER
UTILITIES,ENERG
UTILITIES,ENERGO
UTILITIES,G.S
UTILITIES,G.S.
UTILITIES,G.S.K
UTILITIES,GSA
UTILITIES,KIS
UTILITIES,KISI
UTILITIES,KISI-
UTILITIES,KISI-B
UTILITIES,SON
UTILITIES,SONN
UTILITIES,SONNE
UTILITIES,VOL
UTILITIES,VOLT
UTILITIES,VOLTO
UTILITIES,VOLTON
industry,nam
industry,name
