industry,ending
COMMUNICATIONS,/comcross
COMMUNICATIONS,:Net
COMMUNICATIONS,ANCOM
COMMUNICATIONS,CANCOM
COMMUNICATIONS,COM
COMMUNICATIONS,DNS:Net
COMMUNICATIONS,Ennit
COMMUNICATIONS,Freenet
COMMUNICATIONS,Goetel
COMMUNICATIONS,Infratech
COMMUNICATIONS,NCOM
COMMUNICATIONS,NS:Net
COMMUNICATIONS,Net
COMMUNICATIONS,S:Net
COMMUNICATIONS,Ströer
COMMUNICATIONS,Vodafone
COMMUNICATIONS,admitad
COMMUNICATIONS,afone
COMMUNICATIONS,atech
COMMUNICATIONS,comcross
COMMUNICATIONS,cross
COMMUNICATIONS,dafone
COMMUNICATIONS,dmitad
COMMUNICATIONS,ech
COMMUNICATIONS,eenet
COMMUNICATIONS,enet
COMMUNICATIONS,etel
COMMUNICATIONS,fone
COMMUNICATIONS,fratech
COMMUNICATIONS,itad
COMMUNICATIONS,mcross
COMMUNICATIONS,mitad
COMMUNICATIONS,net
COMMUNICATIONS,nfratech
COMMUNICATIONS,nit
COMMUNICATIONS,nnit
COMMUNICATIONS,odafone
COMMUNICATIONS,oetel
COMMUNICATIONS,omcross
COMMUNICATIONS,one
COMMUNICATIONS,oss
COMMUNICATIONS,ratech
COMMUNICATIONS,reenet
COMMUNICATIONS,ross
COMMUNICATIONS,röer
COMMUNICATIONS,tad
COMMUNICATIONS,tech
COMMUNICATIONS,tel
COMMUNICATIONS,tröer
COMMUNICATIONS,öer
CONSUMER DISCRETIONARY,-Commerce
CONSUMER DISCRETIONARY,-DICKIE
CONSUMER DISCRETIONARY,-Handels
CONSUMER DISCRETIONARY,-Holding
CONSUMER DISCRETIONARY,-Mobility
CONSUMER DISCRETIONARY,-Werke
CONSUMER DISCRETIONARY,-at-home
CONSUMER DISCRETIONARY,-home
CONSUMER DISCRETIONARY,-home.com
CONSUMER DISCRETIONARY,.com
CONSUMER DISCRETIONARY,.de
CONSUMER DISCRETIONARY,A-DICKIE
CONSUMER DISCRETIONARY,AGNETEC
CONSUMER DISCRETIONARY,AKKT
CONSUMER DISCRETIONARY,AKTOR
CONSUMER DISCRETIONARY,AMODA
CONSUMER DISCRETIONARY,AMSLER
CONSUMER DISCRETIONARY,ANN
CONSUMER DISCRETIONARY,APPICH
CONSUMER DISCRETIONARY,APZ
CONSUMER DISCRETIONARY,ARE
CONSUMER DISCRETIONARY,ATEC
CONSUMER DISCRETIONARY,ATECH
CONSUMER DISCRETIONARY,AVAG
CONSUMER DISCRETIONARY,AXIS
CONSUMER DISCRETIONARY,Adevinta
CONSUMER DISCRETIONARY,Adidas
CONSUMER DISCRETIONARY,Admitad
CONSUMER DISCRETIONARY,Aunde
CONSUMER DISCRETIONARY,Aurelius
CONSUMER DISCRETIONARY,Aviv
CONSUMER DISCRETIONARY,BA-DICKIE
CONSUMER DISCRETIONARY,BERGER
CONSUMER DISCRETIONARY,BILIARE
CONSUMER DISCRETIONARY,BMW
CONSUMER DISCRETIONARY,BOYSEN
CONSUMER DISCRETIONARY,BSH
CONSUMER DISCRETIONARY,BURG
CONSUMER DISCRETIONARY,Belron
CONSUMER DISCRETIONARY,Bosch
CONSUMER DISCRETIONARY,BÜCHS
CONSUMER DISCRETIONARY,CECONOMY
CONSUMER DISCRETIONARY,CHA
CONSUMER DISCRETIONARY,CHS
CONSUMER DISCRETIONARY,CKIE
CONSUMER DISCRETIONARY,CONOMY
CONSUMER DISCRETIONARY,CORRATEC
CONSUMER DISCRETIONARY,Camper
CONSUMER DISCRETIONARY,Commerce
CONSUMER DISCRETIONARY,DICKIE
CONSUMER DISCRETIONARY,DISY
CONSUMER DISCRETIONARY,DTER
CONSUMER DISCRETIONARY,Dehner
CONSUMER DISCRETIONARY,Deichmann
CONSUMER DISCRETIONARY,Delti.com
CONSUMER DISCRETIONARY,Delticom
CONSUMER DISCRETIONARY,Duvenbeck
CONSUMER DISCRETIONARY,ECH
CONSUMER DISCRETIONARY,ECONOMY
CONSUMER DISCRETIONARY,EGATECH
CONSUMER DISCRETIONARY,EIFFER
CONSUMER DISCRETIONARY,EILERGHP
CONSUMER DISCRETIONARY,EININGER
CONSUMER DISCRETIONARY,ELDISY
CONSUMER DISCRETIONARY,ELLSCHA
CONSUMER DISCRETIONARY,ELMANN
CONSUMER DISCRETIONARY,ENBERGER
CONSUMER DISCRETIONARY,ERAXIS
CONSUMER DISCRETIONARY,ERBURG
CONSUMER DISCRETIONARY,ERGER
CONSUMER DISCRETIONARY,ERGHP
CONSUMER DISCRETIONARY,ERMANN
CONSUMER DISCRETIONARY,ERTIGUNGS
CONSUMER DISCRETIONARY,ESELLSCHA
CONSUMER DISCRETIONARY,ETEC
CONSUMER DISCRETIONARY,ETO
CONSUMER DISCRETIONARY,Efeu
CONSUMER DISCRETIONARY,Einhell
CONSUMER DISCRETIONARY,FAKTOR
CONSUMER DISCRETIONARY,FEIFFER
CONSUMER DISCRETIONARY,FER
CONSUMER DISCRETIONARY,FFER
CONSUMER DISCRETIONARY,FNER
CONSUMER DISCRETIONARY,FORTAS
CONSUMER DISCRETIONARY,FTI
CONSUMER DISCRETIONARY,Fortuna
CONSUMER DISCRETIONARY,GATECH
CONSUMER DISCRETIONARY,GER
CONSUMER DISCRETIONARY,GHP
CONSUMER DISCRETIONARY,GISTIK
CONSUMER DISCRETIONARY,GNETEC
CONSUMER DISCRETIONARY,GPFEIFFER
CONSUMER DISCRETIONARY,GUNGS
CONSUMER DISCRETIONARY,Gedia
CONSUMER DISCRETIONARY,Gewis
CONSUMER DISCRETIONARY,GmbH
CONSUMER DISCRETIONARY,Graef
CONSUMER DISCRETIONARY,Grammer
CONSUMER DISCRETIONARY,Group
CONSUMER DISCRETIONARY,HAPPICH
CONSUMER DISCRETIONARY,HIC
CONSUMER DISCRETIONARY,HUNTWORLD
CONSUMER DISCRETIONARY,Handels
CONSUMER DISCRETIONARY,Hawesko
CONSUMER DISCRETIONARY,Heinemann
CONSUMER DISCRETIONARY,Heissner
CONSUMER DISCRETIONARY,Hella
CONSUMER DISCRETIONARY,Hessen
CONSUMER DISCRETIONARY,Holding
CONSUMER DISCRETIONARY,Hornbach
CONSUMER DISCRETIONARY,Huhn
CONSUMER DISCRETIONARY,IARE
CONSUMER DISCRETIONARY,ICH
CONSUMER DISCRETIONARY,ICKIE
CONSUMER DISCRETIONARY,IERBURG
CONSUMER DISCRETIONARY,IFFER
CONSUMER DISCRETIONARY,IGUNGS
CONSUMER DISCRETIONARY,ILERGHP
CONSUMER DISCRETIONARY,ILIARE
CONSUMER DISCRETIONARY,INDA
CONSUMER DISCRETIONARY,INGER
CONSUMER DISCRETIONARY,ININGER
CONSUMER DISCRETIONARY,INKELMANN
CONSUMER DISCRETIONARY,ISOLITE
CONSUMER DISCRETIONARY,ISTIK
CONSUMER DISCRETIONARY,ISY
CONSUMER DISCRETIONARY,ITE
CONSUMER DISCRETIONARY,ITTE
CONSUMER DISCRETIONARY,Ina
CONSUMER DISCRETIONARY,Jet
CONSUMER DISCRETIONARY,KELMANN
CONSUMER DISCRETIONARY,KIE
CONSUMER DISCRETIONARY,KKT
CONSUMER DISCRETIONARY,KTOR
CONSUMER DISCRETIONARY,KUFNER
CONSUMER DISCRETIONARY,KaDo
CONSUMER DISCRETIONARY,Karcher
CONSUMER DISCRETIONARY,KiK
CONSUMER DISCRETIONARY,LAMODA
CONSUMER DISCRETIONARY,LDISY
CONSUMER DISCRETIONARY,LER
CONSUMER DISCRETIONARY,LERGHP
CONSUMER DISCRETIONARY,LIARE
CONSUMER DISCRETIONARY,LITE
CONSUMER DISCRETIONARY,LLSCHA
CONSUMER DISCRETIONARY,LMANN
CONSUMER DISCRETIONARY,LOGISTIK
CONSUMER DISCRETIONARY,LSCHA
CONSUMER DISCRETIONARY,Leoni
CONSUMER DISCRETIONARY,Linden
CONSUMER DISCRETIONARY,Logistics
CONSUMER DISCRETIONARY,Logistik
CONSUMER DISCRETIONARY,Luminair
CONSUMER DISCRETIONARY,M-Handels
CONSUMER DISCRETIONARY,MAGNETEC
CONSUMER DISCRETIONARY,MANN
CONSUMER DISCRETIONARY,MEGATECH
CONSUMER DISCRETIONARY,MEILERGHP
CONSUMER DISCRETIONARY,MEININGER
CONSUMER DISCRETIONARY,MERAXIS
CONSUMER DISCRETIONARY,MINDA
CONSUMER DISCRETIONARY,MKD
CONSUMER DISCRETIONARY,MOBILIARE
CONSUMER DISCRETIONARY,MODA
CONSUMER DISCRETIONARY,MSLER
CONSUMER DISCRETIONARY,MUHIC
CONSUMER DISCRETIONARY,MURDTER
CONSUMER DISCRETIONARY,Mahle
CONSUMER DISCRETIONARY,Manz
CONSUMER DISCRETIONARY,Marquardt
CONSUMER DISCRETIONARY,Mediashop
CONSUMER DISCRETIONARY,Mekra
CONSUMER DISCRETIONARY,Mobility
CONSUMER DISCRETIONARY,NBERGER
CONSUMER DISCRETIONARY,NDA
CONSUMER DISCRETIONARY,NER
CONSUMER DISCRETIONARY,NETEC
CONSUMER DISCRETIONARY,NGER
CONSUMER DISCRETIONARY,NGS
CONSUMER DISCRETIONARY,NINGER
CONSUMER DISCRETIONARY,NKELMANN
CONSUMER DISCRETIONARY,NOMY
CONSUMER DISCRETIONARY,NRW
CONSUMER DISCRETIONARY,NTWORLD
CONSUMER DISCRETIONARY,Nespoli
CONSUMER DISCRETIONARY,Novem
CONSUMER DISCRETIONARY,Novum
CONSUMER DISCRETIONARY,OBILIARE
CONSUMER DISCRETIONARY,ODA
CONSUMER DISCRETIONARY,OGISTIK
CONSUMER DISCRETIONARY,OLITE
CONSUMER DISCRETIONARY,OMY
CONSUMER DISCRETIONARY,ONOMY
CONSUMER DISCRETIONARY,OPPERMANN
CONSUMER DISCRETIONARY,ORLD
CONSUMER DISCRETIONARY,ORRATEC
CONSUMER DISCRETIONARY,ORTAS
CONSUMER DISCRETIONARY,OYSEN
CONSUMER DISCRETIONARY,Orlog
CONSUMER DISCRETIONARY,PENBERGER
CONSUMER DISCRETIONARY,PERMANN
CONSUMER DISCRETIONARY,PFEIFFER
CONSUMER DISCRETIONARY,PICH
CONSUMER DISCRETIONARY,PIERBURG
CONSUMER DISCRETIONARY,PPERMANN
CONSUMER DISCRETIONARY,PPICH
CONSUMER DISCRETIONARY,PUMA
CONSUMER DISCRETIONARY,Perpedes
CONSUMER DISCRETIONARY,Plantura
CONSUMER DISCRETIONARY,Polytec
CONSUMER DISCRETIONARY,Porta
CONSUMER DISCRETIONARY,Praktiker
CONSUMER DISCRETIONARY,Puma
CONSUMER DISCRETIONARY,RATEC
CONSUMER DISCRETIONARY,RAXIS
CONSUMER DISCRETIONARY,RBURG
CONSUMER DISCRETIONARY,RDTER
CONSUMER DISCRETIONARY,RGER
CONSUMER DISCRETIONARY,RGHP
CONSUMER DISCRETIONARY,RLD
CONSUMER DISCRETIONARY,RMANN
CONSUMER DISCRETIONARY,RRATEC
CONSUMER DISCRETIONARY,RTAS
CONSUMER DISCRETIONARY,RTIGUNGS
CONSUMER DISCRETIONARY,Refurbed
CONSUMER DISCRETIONARY,Reutter
CONSUMER DISCRETIONARY,SCHA
CONSUMER DISCRETIONARY,SELLSCHA
CONSUMER DISCRETIONARY,SEN
CONSUMER DISCRETIONARY,SLER
CONSUMER DISCRETIONARY,SOLITE
CONSUMER DISCRETIONARY,STIK
CONSUMER DISCRETIONARY,Schleich
CONSUMER DISCRETIONARY,Schlemmer
CONSUMER DISCRETIONARY,Schock
CONSUMER DISCRETIONARY,Schott
CONSUMER DISCRETIONARY,Scout24
CONSUMER DISCRETIONARY,Sellner
CONSUMER DISCRETIONARY,Service
CONSUMER DISCRETIONARY,Services
CONSUMER DISCRETIONARY,Stabilus
CONSUMER DISCRETIONARY,Stepstone
CONSUMER DISCRETIONARY,TAKKT
CONSUMER DISCRETIONARY,TAS
CONSUMER DISCRETIONARY,TEC
CONSUMER DISCRETIONARY,TECH
CONSUMER DISCRETIONARY,TER
CONSUMER DISCRETIONARY,TIGUNGS
CONSUMER DISCRETIONARY,TIK
CONSUMER DISCRETIONARY,TOR
CONSUMER DISCRETIONARY,TTE
CONSUMER DISCRETIONARY,TWORLD
CONSUMER DISCRETIONARY,Takkt
CONSUMER DISCRETIONARY,Tedi
CONSUMER DISCRETIONARY,Tekpoint
CONSUMER DISCRETIONARY,Tipico
CONSUMER DISCRETIONARY,Tui
CONSUMER DISCRETIONARY,UFNER
CONSUMER DISCRETIONARY,UHIC
CONSUMER DISCRETIONARY,UMA
CONSUMER DISCRETIONARY,UNGS
CONSUMER DISCRETIONARY,UNTWORLD
CONSUMER DISCRETIONARY,URDTER
CONSUMER DISCRETIONARY,URG
CONSUMER DISCRETIONARY,VAG
CONSUMER DISCRETIONARY,VistaJet
CONSUMER DISCRETIONARY,Vitesco
CONSUMER DISCRETIONARY,Vivere
CONSUMER DISCRETIONARY,Vorwerk
CONSUMER DISCRETIONARY,WAMSLER
CONSUMER DISCRETIONARY,WAZ
CONSUMER DISCRETIONARY,WITTE
CONSUMER DISCRETIONARY,WMF
CONSUMER DISCRETIONARY,WORLD
CONSUMER DISCRETIONARY,Waterman
CONSUMER DISCRETIONARY,Werke
CONSUMER DISCRETIONARY,Woolworth
CONSUMER DISCRETIONARY,XIS
CONSUMER DISCRETIONARY,XLD
CONSUMER DISCRETIONARY,YSEN
CONSUMER DISCRETIONARY,Zalando
CONSUMER DISCRETIONARY,aDo
CONSUMER DISCRETIONARY,aJet
CONSUMER DISCRETIONARY,abilus
CONSUMER DISCRETIONARY,ach
CONSUMER DISCRETIONARY,acht
CONSUMER DISCRETIONARY,ade
CONSUMER DISCRETIONARY,adidas
CONSUMER DISCRETIONARY,aef
CONSUMER DISCRETIONARY,aeffler
CONSUMER DISCRETIONARY,agement
CONSUMER DISCRETIONARY,agen
CONSUMER DISCRETIONARY,ahle
CONSUMER DISCRETIONARY,aier
CONSUMER DISCRETIONARY,air
CONSUMER DISCRETIONARY,akkt
CONSUMER DISCRETIONARY,aktiker
CONSUMER DISCRETIONARY,alando
CONSUMER DISCRETIONARY,ambiente
CONSUMER DISCRETIONARY,ammer
CONSUMER DISCRETIONARY,amper
CONSUMER DISCRETIONARY,anagement
CONSUMER DISCRETIONARY,andels
CONSUMER DISCRETIONARY,ando
CONSUMER DISCRETIONARY,ann
CONSUMER DISCRETIONARY,antura
CONSUMER DISCRETIONARY,anz
CONSUMER DISCRETIONARY,archer
CONSUMER DISCRETIONARY,ardt
CONSUMER DISCRETIONARY,arquardt
CONSUMER DISCRETIONARY,ashop
CONSUMER DISCRETIONARY,at-home
CONSUMER DISCRETIONARY,aterman
CONSUMER DISCRETIONARY,atrade
CONSUMER DISCRETIONARY,aulCamper
CONSUMER DISCRETIONARY,awesko
CONSUMER DISCRETIONARY,ayCamper
CONSUMER DISCRETIONARY,bach
CONSUMER DISCRETIONARY,beck
CONSUMER DISCRETIONARY,bed
CONSUMER DISCRETIONARY,biente
CONSUMER DISCRETIONARY,bike
CONSUMER DISCRETIONARY,bilien
CONSUMER DISCRETIONARY,bility
CONSUMER DISCRETIONARY,bilus
CONSUMER DISCRETIONARY,ces
CONSUMER DISCRETIONARY,chaeffler
CONSUMER DISCRETIONARY,cher
CONSUMER DISCRETIONARY,chleich
CONSUMER DISCRETIONARY,chlemmer
CONSUMER DISCRETIONARY,chmann
CONSUMER DISCRETIONARY,chock
CONSUMER DISCRETIONARY,chott
CONSUMER DISCRETIONARY,cht
CONSUMER DISCRETIONARY,chvogel
CONSUMER DISCRETIONARY,com
CONSUMER DISCRETIONARY,cout24
CONSUMER DISCRETIONARY,creatrade
CONSUMER DISCRETIONARY,d-Werke
CONSUMER DISCRETIONARY,das
CONSUMER DISCRETIONARY,dels
CONSUMER DISCRETIONARY,den
CONSUMER DISCRETIONARY,des
CONSUMER DISCRETIONARY,devinta
CONSUMER DISCRETIONARY,dia
CONSUMER DISCRETIONARY,diashop
CONSUMER DISCRETIONARY,didas
CONSUMER DISCRETIONARY,ding
CONSUMER DISCRETIONARY,dmitad
CONSUMER DISCRETIONARY,e.com
CONSUMER DISCRETIONARY,eatrade
CONSUMER DISCRETIONARY,eck
CONSUMER DISCRETIONARY,edes
CONSUMER DISCRETIONARY,edi
CONSUMER DISCRETIONARY,edia
CONSUMER DISCRETIONARY,ediashop
CONSUMER DISCRETIONARY,effler
CONSUMER DISCRETIONARY,efurbed
CONSUMER DISCRETIONARY,ehner
CONSUMER DISCRETIONARY,eich
CONSUMER DISCRETIONARY,eichmann
CONSUMER DISCRETIONARY,eiligungs
CONSUMER DISCRETIONARY,einemann
CONSUMER DISCRETIONARY,eissner
CONSUMER DISCRETIONARY,eitfracht
CONSUMER DISCRETIONARY,ekpoint
CONSUMER DISCRETIONARY,ekra
CONSUMER DISCRETIONARY,elius
CONSUMER DISCRETIONARY,ell
CONSUMER DISCRETIONARY,ella
CONSUMER DISCRETIONARY,ellner
CONSUMER DISCRETIONARY,elmann
CONSUMER DISCRETIONARY,elron
CONSUMER DISCRETIONARY,els
CONSUMER DISCRETIONARY,elsmann
CONSUMER DISCRETIONARY,elti.com
CONSUMER DISCRETIONARY,elticom
CONSUMER DISCRETIONARY,emann
CONSUMER DISCRETIONARY,ement
CONSUMER DISCRETIONARY,emmer
CONSUMER DISCRETIONARY,emöller
CONSUMER DISCRETIONARY,enbeck
CONSUMER DISCRETIONARY,engelmann
CONSUMER DISCRETIONARY,ent
CONSUMER DISCRETIONARY,ental
CONSUMER DISCRETIONARY,ente
CONSUMER DISCRETIONARY,eoni
CONSUMER DISCRETIONARY,epstone
CONSUMER DISCRETIONARY,er.de
CONSUMER DISCRETIONARY,erce
CONSUMER DISCRETIONARY,ere
CONSUMER DISCRETIONARY,erk
CONSUMER DISCRETIONARY,erke
CONSUMER DISCRETIONARY,erman
CONSUMER DISCRETIONARY,erpedes
CONSUMER DISCRETIONARY,ervice
CONSUMER DISCRETIONARY,ervices
CONSUMER DISCRETIONARY,esco
CONSUMER DISCRETIONARY,esko
CONSUMER DISCRETIONARY,espoli
CONSUMER DISCRETIONARY,essen
CONSUMER DISCRETIONARY,eutter
CONSUMER DISCRETIONARY,evinta
CONSUMER DISCRETIONARY,ewis
CONSUMER DISCRETIONARY,extbike
CONSUMER DISCRETIONARY,feu
CONSUMER DISCRETIONARY,ffler
CONSUMER DISCRETIONARY,fler
CONSUMER DISCRETIONARY,fracht
CONSUMER DISCRETIONARY,furbed
CONSUMER DISCRETIONARY,gel
CONSUMER DISCRETIONARY,gelmann
CONSUMER DISCRETIONARY,gement
CONSUMER DISCRETIONARY,gen
CONSUMER DISCRETIONARY,ger.de
CONSUMER DISCRETIONARY,gistics
CONSUMER DISCRETIONARY,gistik
CONSUMER DISCRETIONARY,gungs
CONSUMER DISCRETIONARY,haeffler
CONSUMER DISCRETIONARY,hell
CONSUMER DISCRETIONARY,her
CONSUMER DISCRETIONARY,hle
CONSUMER DISCRETIONARY,hleich
CONSUMER DISCRETIONARY,hlemmer
CONSUMER DISCRETIONARY,hmann
CONSUMER DISCRETIONARY,hner
CONSUMER DISCRETIONARY,hock
CONSUMER DISCRETIONARY,home
CONSUMER DISCRETIONARY,home.com
CONSUMER DISCRETIONARY,hop
CONSUMER DISCRETIONARY,hott
CONSUMER DISCRETIONARY,hvogel
CONSUMER DISCRETIONARY,i.com
CONSUMER DISCRETIONARY,iashop
CONSUMER DISCRETIONARY,ice
CONSUMER DISCRETIONARY,ices
CONSUMER DISCRETIONARY,ich
CONSUMER DISCRETIONARY,ichmann
CONSUMER DISCRETIONARY,ico
CONSUMER DISCRETIONARY,icom
CONSUMER DISCRETIONARY,ics
CONSUMER DISCRETIONARY,idas
CONSUMER DISCRETIONARY,ien
CONSUMER DISCRETIONARY,iente
CONSUMER DISCRETIONARY,ier
CONSUMER DISCRETIONARY,iger.de
CONSUMER DISCRETIONARY,igungs
CONSUMER DISCRETIONARY,ike
CONSUMER DISCRETIONARY,iker
CONSUMER DISCRETIONARY,ilien
CONSUMER DISCRETIONARY,iligungs
CONSUMER DISCRETIONARY,ility
CONSUMER DISCRETIONARY,ilus
CONSUMER DISCRETIONARY,inair
CONSUMER DISCRETIONARY,inden
CONSUMER DISCRETIONARY,inemann
CONSUMER DISCRETIONARY,inental
CONSUMER DISCRETIONARY,ing
CONSUMER DISCRETIONARY,inhell
CONSUMER DISCRETIONARY,int
CONSUMER DISCRETIONARY,inta
CONSUMER DISCRETIONARY,ipico
CONSUMER DISCRETIONARY,issner
CONSUMER DISCRETIONARY,istaJet
CONSUMER DISCRETIONARY,istics
CONSUMER DISCRETIONARY,istik
CONSUMER DISCRETIONARY,itad
CONSUMER DISCRETIONARY,itesco
CONSUMER DISCRETIONARY,itfracht
CONSUMER DISCRETIONARY,ity
CONSUMER DISCRETIONARY,itymedia
CONSUMER DISCRETIONARY,ius
CONSUMER DISCRETIONARY,ivere
CONSUMER DISCRETIONARY,kemöller
CONSUMER DISCRETIONARY,ker
CONSUMER DISCRETIONARY,kkt
CONSUMER DISCRETIONARY,kpoint
CONSUMER DISCRETIONARY,kra
CONSUMER DISCRETIONARY,kswagen
CONSUMER DISCRETIONARY,ktiker
CONSUMER DISCRETIONARY,lCamper
CONSUMER DISCRETIONARY,lambiente
CONSUMER DISCRETIONARY,lando
CONSUMER DISCRETIONARY,lantura
CONSUMER DISCRETIONARY,lding
CONSUMER DISCRETIONARY,leich
CONSUMER DISCRETIONARY,lemmer
CONSUMER DISCRETIONARY,ler
CONSUMER DISCRETIONARY,lien
CONSUMER DISCRETIONARY,liger.de
CONSUMER DISCRETIONARY,ligungs
CONSUMER DISCRETIONARY,lity
CONSUMER DISCRETIONARY,lius
CONSUMER DISCRETIONARY,lkswagen
CONSUMER DISCRETIONARY,lla
CONSUMER DISCRETIONARY,ller
CONSUMER DISCRETIONARY,lliger.de
CONSUMER DISCRETIONARY,llner
CONSUMER DISCRETIONARY,lmaier
CONSUMER DISCRETIONARY,lmann
CONSUMER DISCRETIONARY,lner
CONSUMER DISCRETIONARY,log
CONSUMER DISCRETIONARY,lron
CONSUMER DISCRETIONARY,lsmann
CONSUMER DISCRETIONARY,lti.com
CONSUMER DISCRETIONARY,lticom
CONSUMER DISCRETIONARY,lus
CONSUMER DISCRETIONARY,lworth
CONSUMER DISCRETIONARY,lytec
CONSUMER DISCRETIONARY,maier
CONSUMER DISCRETIONARY,man
CONSUMER DISCRETIONARY,mann
CONSUMER DISCRETIONARY,mbH
CONSUMER DISCRETIONARY,mbiente
CONSUMER DISCRETIONARY,me.com
CONSUMER DISCRETIONARY,media
CONSUMER DISCRETIONARY,ment
CONSUMER DISCRETIONARY,mer
CONSUMER DISCRETIONARY,merce
CONSUMER DISCRETIONARY,minair
CONSUMER DISCRETIONARY,mitad
CONSUMER DISCRETIONARY,mmer
CONSUMER DISCRETIONARY,mmerce
CONSUMER DISCRETIONARY,mmobilien
CONSUMER DISCRETIONARY,mobilien
CONSUMER DISCRETIONARY,mper
CONSUMER DISCRETIONARY,möller
CONSUMER DISCRETIONARY,n-Holding
CONSUMER DISCRETIONARY,nagement
CONSUMER DISCRETIONARY,nair
CONSUMER DISCRETIONARY,nbach
CONSUMER DISCRETIONARY,nbeck
CONSUMER DISCRETIONARY,nde
CONSUMER DISCRETIONARY,ndels
CONSUMER DISCRETIONARY,nden
CONSUMER DISCRETIONARY,ndo
CONSUMER DISCRETIONARY,nemann
CONSUMER DISCRETIONARY,nental
CONSUMER DISCRETIONARY,ner
CONSUMER DISCRETIONARY,nextbike
CONSUMER DISCRETIONARY,ngelmann
CONSUMER DISCRETIONARY,ngs
CONSUMER DISCRETIONARY,nhell
CONSUMER DISCRETIONARY,nitymedia
CONSUMER DISCRETIONARY,nkemöller
CONSUMER DISCRETIONARY,nta
CONSUMER DISCRETIONARY,ntal
CONSUMER DISCRETIONARY,nte
CONSUMER DISCRETIONARY,ntinental
CONSUMER DISCRETIONARY,ntura
CONSUMER DISCRETIONARY,obilien
CONSUMER DISCRETIONARY,obility
CONSUMER DISCRETIONARY,ock
CONSUMER DISCRETIONARY,ogel
CONSUMER DISCRETIONARY,ogistics
CONSUMER DISCRETIONARY,ogistik
CONSUMER DISCRETIONARY,oint
CONSUMER DISCRETIONARY,olding
CONSUMER DISCRETIONARY,oli
CONSUMER DISCRETIONARY,olkswagen
CONSUMER DISCRETIONARY,olworth
CONSUMER DISCRETIONARY,olytec
CONSUMER DISCRETIONARY,ome
CONSUMER DISCRETIONARY,ome.com
CONSUMER DISCRETIONARY,ommerce
CONSUMER DISCRETIONARY,one
CONSUMER DISCRETIONARY,oni
CONSUMER DISCRETIONARY,oolworth
CONSUMER DISCRETIONARY,ord-Werke
CONSUMER DISCRETIONARY,ornbach
CONSUMER DISCRETIONARY,orta
CONSUMER DISCRETIONARY,orth
CONSUMER DISCRETIONARY,ortuna
CONSUMER DISCRETIONARY,orwerk
CONSUMER DISCRETIONARY,osch
CONSUMER DISCRETIONARY,ott
CONSUMER DISCRETIONARY,oup
CONSUMER DISCRETIONARY,out24
CONSUMER DISCRETIONARY,ovem
CONSUMER DISCRETIONARY,ovum
CONSUMER DISCRETIONARY,pedes
CONSUMER DISCRETIONARY,per
CONSUMER DISCRETIONARY,pico
CONSUMER DISCRETIONARY,point
CONSUMER DISCRETIONARY,poli
CONSUMER DISCRETIONARY,pstone
CONSUMER DISCRETIONARY,quardt
CONSUMER DISCRETIONARY,r.de
CONSUMER DISCRETIONARY,racht
CONSUMER DISCRETIONARY,rade
CONSUMER DISCRETIONARY,raef
CONSUMER DISCRETIONARY,raktiker
CONSUMER DISCRETIONARY,rammer
CONSUMER DISCRETIONARY,rbed
CONSUMER DISCRETIONARY,rce
CONSUMER DISCRETIONARY,rcher
CONSUMER DISCRETIONARY,rd-Werke
CONSUMER DISCRETIONARY,rdt
CONSUMER DISCRETIONARY,reatrade
CONSUMER DISCRETIONARY,relius
CONSUMER DISCRETIONARY,rke
CONSUMER DISCRETIONARY,rlog
CONSUMER DISCRETIONARY,rman
CONSUMER DISCRETIONARY,rnbach
CONSUMER DISCRETIONARY,ron
CONSUMER DISCRETIONARY,roup
CONSUMER DISCRETIONARY,rpedes
CONSUMER DISCRETIONARY,rquardt
CONSUMER DISCRETIONARY,rschvogel
CONSUMER DISCRETIONARY,rta
CONSUMER DISCRETIONARY,rtelsmann
CONSUMER DISCRETIONARY,rth
CONSUMER DISCRETIONARY,rtuna
CONSUMER DISCRETIONARY,rvice
CONSUMER DISCRETIONARY,rvices
CONSUMER DISCRETIONARY,rwerk
CONSUMER DISCRETIONARY,r¿xlmaier
CONSUMER DISCRETIONARY,sch
CONSUMER DISCRETIONARY,schvogel
CONSUMER DISCRETIONARY,sco
CONSUMER DISCRETIONARY,sen
CONSUMER DISCRETIONARY,shop
CONSUMER DISCRETIONARY,sko
CONSUMER DISCRETIONARY,smann
CONSUMER DISCRETIONARY,sner
CONSUMER DISCRETIONARY,spoli
CONSUMER DISCRETIONARY,ssen
CONSUMER DISCRETIONARY,ssner
CONSUMER DISCRETIONARY,staJet
CONSUMER DISCRETIONARY,stics
CONSUMER DISCRETIONARY,stik
CONSUMER DISCRETIONARY,stone
CONSUMER DISCRETIONARY,swagen
CONSUMER DISCRETIONARY,t-at-home
CONSUMER DISCRETIONARY,t-home
CONSUMER DISCRETIONARY,t24
CONSUMER DISCRETIONARY,taJet
CONSUMER DISCRETIONARY,tabilus
CONSUMER DISCRETIONARY,tad
CONSUMER DISCRETIONARY,tal
CONSUMER DISCRETIONARY,tbike
CONSUMER DISCRETIONARY,tec
CONSUMER DISCRETIONARY,telsmann
CONSUMER DISCRETIONARY,tepstone
CONSUMER DISCRETIONARY,ter
CONSUMER DISCRETIONARY,terman
CONSUMER DISCRETIONARY,tesco
CONSUMER DISCRETIONARY,tfracht
CONSUMER DISCRETIONARY,ti.com
CONSUMER DISCRETIONARY,ticom
CONSUMER DISCRETIONARY,tics
CONSUMER DISCRETIONARY,tik
CONSUMER DISCRETIONARY,tiker
CONSUMER DISCRETIONARY,tinental
CONSUMER DISCRETIONARY,tone
CONSUMER DISCRETIONARY,trade
CONSUMER DISCRETIONARY,tter
CONSUMER DISCRETIONARY,tuna
CONSUMER DISCRETIONARY,tura
CONSUMER DISCRETIONARY,tymedia
CONSUMER DISCRETIONARY,uardt
CONSUMER DISCRETIONARY,uhn
CONSUMER DISCRETIONARY,ulCamper
CONSUMER DISCRETIONARY,uma
CONSUMER DISCRETIONARY,uminair
CONSUMER DISCRETIONARY,una
CONSUMER DISCRETIONARY,unde
CONSUMER DISCRETIONARY,ungs
CONSUMER DISCRETIONARY,ura
CONSUMER DISCRETIONARY,urbed
CONSUMER DISCRETIONARY,urelius
CONSUMER DISCRETIONARY,ut24
CONSUMER DISCRETIONARY,utter
CONSUMER DISCRETIONARY,uvenbeck
CONSUMER DISCRETIONARY,vem
CONSUMER DISCRETIONARY,venbeck
CONSUMER DISCRETIONARY,vere
CONSUMER DISCRETIONARY,vice
CONSUMER DISCRETIONARY,vices
CONSUMER DISCRETIONARY,vinta
CONSUMER DISCRETIONARY,viv
CONSUMER DISCRETIONARY,vogel
CONSUMER DISCRETIONARY,vum
CONSUMER DISCRETIONARY,wagen
CONSUMER DISCRETIONARY,wayCamper
CONSUMER DISCRETIONARY,werk
CONSUMER DISCRETIONARY,wesko
CONSUMER DISCRETIONARY,wis
CONSUMER DISCRETIONARY,worth
CONSUMER DISCRETIONARY,xlmaier
CONSUMER DISCRETIONARY,xtbike
CONSUMER DISCRETIONARY,yCamper
CONSUMER DISCRETIONARY,ymedia
CONSUMER DISCRETIONARY,ytec
CONSUMER DISCRETIONARY,¿xlmaier
CONSUMER DISCRETIONARY,ÜCHS
CONSUMER DISCRETIONARY,öller
CONSUMER STAPLES,-Castell
CONSUMER STAPLES,-Gebäck
CONSUMER STAPLES,-Toepfer
CONSUMER STAPLES,ABG
CONSUMER STAPLES,ANO
CONSUMER STAPLES,ASTEN
CONSUMER STAPLES,Agravis
CONSUMER STAPLES,Ahead
CONSUMER STAPLES,CHIBO
CONSUMER STAPLES,Castell
CONSUMER STAPLES,Ceravis
CONSUMER STAPLES,DLG
CONSUMER STAPLES,DMK
CONSUMER STAPLES,Doehler
CONSUMER STAPLES,Douglas
CONSUMER STAPLES,Döhler
CONSUMER STAPLES,ECO
CONSUMER STAPLES,EISTER
CONSUMER STAPLES,EKA
CONSUMER STAPLES,EKS
CONSUMER STAPLES,ENTIS
CONSUMER STAPLES,ERO
CONSUMER STAPLES,EWE
CONSUMER STAPLES,Edeka
CONSUMER STAPLES,Elbfrost
CONSUMER STAPLES,Energies
CONSUMER STAPLES,GECO
CONSUMER STAPLES,GEKA
CONSUMER STAPLES,GMEISTER
CONSUMER STAPLES,Gebäck
CONSUMER STAPLES,Globus
CONSUMER STAPLES,Glow25
CONSUMER STAPLES,HERO
CONSUMER STAPLES,HIBO
CONSUMER STAPLES,HIPP
CONSUMER STAPLES,HORSCH
CONSUMER STAPLES,Henkel
CONSUMER STAPLES,Hochland
CONSUMER STAPLES,Hochwald
CONSUMER STAPLES,IASTEN
CONSUMER STAPLES,IBO
CONSUMER STAPLES,ION
CONSUMER STAPLES,IPP
CONSUMER STAPLES,IREKS
CONSUMER STAPLES,ISTER
CONSUMER STAPLES,Ireks
CONSUMER STAPLES,Kaufland
CONSUMER STAPLES,Landliebe
CONSUMER STAPLES,Lidl
CONSUMER STAPLES,Lieken
CONSUMER STAPLES,Limited
CONSUMER STAPLES,M-Toepfer
CONSUMER STAPLES,MEISTER
CONSUMER STAPLES,Meggle
CONSUMER STAPLES,Melitta
CONSUMER STAPLES,Metro
CONSUMER STAPLES,NGMEISTER
CONSUMER STAPLES,NTIS
CONSUMER STAPLES,Nutracorp
CONSUMER STAPLES,ORSCH
CONSUMER STAPLES,PIASTEN
CONSUMER STAPLES,Pluto
CONSUMER STAPLES,REKS
CONSUMER STAPLES,REWE
CONSUMER STAPLES,RSCH
CONSUMER STAPLES,Reisinger
CONSUMER STAPLES,SANO
CONSUMER STAPLES,SCH
CONSUMER STAPLES,STEN
CONSUMER STAPLES,STER
CONSUMER STAPLES,Saria
CONSUMER STAPLES,Schwarz
CONSUMER STAPLES,Storck
CONSUMER STAPLES,Südzucker
CONSUMER STAPLES,TCHIBO
CONSUMER STAPLES,TEN
CONSUMER STAPLES,TER
CONSUMER STAPLES,TIS
CONSUMER STAPLES,Toepfer
CONSUMER STAPLES,VION
CONSUMER STAPLES,VLP
CONSUMER STAPLES,Wasgau
CONSUMER STAPLES,Wepa
CONSUMER STAPLES,ZENTIS
CONSUMER STAPLES,ack
CONSUMER STAPLES,acorp
CONSUMER STAPLES,ald
CONSUMER STAPLES,and
CONSUMER STAPLES,andliebe
CONSUMER STAPLES,ann
CONSUMER STAPLES,aria
CONSUMER STAPLES,arz
CONSUMER STAPLES,asgau
CONSUMER STAPLES,astell
CONSUMER STAPLES,ational
CONSUMER STAPLES,aufland
CONSUMER STAPLES,avis
CONSUMER STAPLES,axingvest
CONSUMER STAPLES,betrieb
CONSUMER STAPLES,bfrost
CONSUMER STAPLES,bus
CONSUMER STAPLES,bäck
CONSUMER STAPLES,chland
CONSUMER STAPLES,chwald
CONSUMER STAPLES,chwarz
CONSUMER STAPLES,cker
CONSUMER STAPLES,corp
CONSUMER STAPLES,deka
CONSUMER STAPLES,dliebe
CONSUMER STAPLES,dorf
CONSUMER STAPLES,drop
CONSUMER STAPLES,dzucker
CONSUMER STAPLES,ead
CONSUMER STAPLES,ebe
CONSUMER STAPLES,ebetrieb
CONSUMER STAPLES,ebäck
CONSUMER STAPLES,eggle
CONSUMER STAPLES,ehler
CONSUMER STAPLES,eiersdorf
CONSUMER STAPLES,eisinger
CONSUMER STAPLES,eistung
CONSUMER STAPLES,eka
CONSUMER STAPLES,eken
CONSUMER STAPLES,eks
CONSUMER STAPLES,elitta
CONSUMER STAPLES,ell
CONSUMER STAPLES,ence
CONSUMER STAPLES,enience
CONSUMER STAPLES,enkel
CONSUMER STAPLES,epa
CONSUMER STAPLES,epfer
CONSUMER STAPLES,er-Gebäck
CONSUMER STAPLES,eravis
CONSUMER STAPLES,erdrop
CONSUMER STAPLES,ergies
CONSUMER STAPLES,ersdorf
CONSUMER STAPLES,ersnack
CONSUMER STAPLES,est
CONSUMER STAPLES,etrieb
CONSUMER STAPLES,etro
CONSUMER STAPLES,everdrop
CONSUMER STAPLES,fer
CONSUMER STAPLES,fland
CONSUMER STAPLES,frost
CONSUMER STAPLES,gau
CONSUMER STAPLES,gebetrieb
CONSUMER STAPLES,ger
CONSUMER STAPLES,ggle
CONSUMER STAPLES,gies
CONSUMER STAPLES,glas
CONSUMER STAPLES,gle
CONSUMER STAPLES,gravis
CONSUMER STAPLES,gvest
CONSUMER STAPLES,head
CONSUMER STAPLES,hland
CONSUMER STAPLES,hler
CONSUMER STAPLES,hmann
CONSUMER STAPLES,hwald
CONSUMER STAPLES,hwarz
CONSUMER STAPLES,idl
CONSUMER STAPLES,ieb
CONSUMER STAPLES,iebe
CONSUMER STAPLES,ieken
CONSUMER STAPLES,ience
CONSUMER STAPLES,iersdorf
CONSUMER STAPLES,ies
CONSUMER STAPLES,imited
CONSUMER STAPLES,inger
CONSUMER STAPLES,ingvest
CONSUMER STAPLES,ional
CONSUMER STAPLES,isinger
CONSUMER STAPLES,istung
CONSUMER STAPLES,ited
CONSUMER STAPLES,itta
CONSUMER STAPLES,kel
CONSUMER STAPLES,ken
CONSUMER STAPLES,ker
CONSUMER STAPLES,land
CONSUMER STAPLES,las
CONSUMER STAPLES,lbfrost
CONSUMER STAPLES,leistung
CONSUMER STAPLES,ler
CONSUMER STAPLES,liebe
CONSUMER STAPLES,litta
CONSUMER STAPLES,lobus
CONSUMER STAPLES,low25
CONSUMER STAPLES,luto
CONSUMER STAPLES,mann
CONSUMER STAPLES,mited
CONSUMER STAPLES,nack
CONSUMER STAPLES,nal
CONSUMER STAPLES,national
CONSUMER STAPLES,nce
CONSUMER STAPLES,ndliebe
CONSUMER STAPLES,nergies
CONSUMER STAPLES,nger
CONSUMER STAPLES,ngvest
CONSUMER STAPLES,nience
CONSUMER STAPLES,nkel
CONSUMER STAPLES,ntersnack
CONSUMER STAPLES,nvenience
CONSUMER STAPLES,obus
CONSUMER STAPLES,ochland
CONSUMER STAPLES,ochwald
CONSUMER STAPLES,oehler
CONSUMER STAPLES,oepfer
CONSUMER STAPLES,onal
CONSUMER STAPLES,orck
CONSUMER STAPLES,ordzucker
CONSUMER STAPLES,orf
CONSUMER STAPLES,orp
CONSUMER STAPLES,ost
CONSUMER STAPLES,othmann
CONSUMER STAPLES,ouglas
CONSUMER STAPLES,ow25
CONSUMER STAPLES,pEnergies
CONSUMER STAPLES,pfer
CONSUMER STAPLES,r-Castell
CONSUMER STAPLES,r-Gebäck
CONSUMER STAPLES,racorp
CONSUMER STAPLES,ravis
CONSUMER STAPLES,rck
CONSUMER STAPLES,rdrop
CONSUMER STAPLES,rdzucker
CONSUMER STAPLES,reks
CONSUMER STAPLES,rgies
CONSUMER STAPLES,ria
CONSUMER STAPLES,rieb
CONSUMER STAPLES,rnational
CONSUMER STAPLES,rop
CONSUMER STAPLES,rost
CONSUMER STAPLES,rothmann
CONSUMER STAPLES,rsdorf
CONSUMER STAPLES,rsnack
CONSUMER STAPLES,schland
CONSUMER STAPLES,sdorf
CONSUMER STAPLES,sgau
CONSUMER STAPLES,singer
CONSUMER STAPLES,snack
CONSUMER STAPLES,stell
CONSUMER STAPLES,stung
CONSUMER STAPLES,ted
CONSUMER STAPLES,tell
CONSUMER STAPLES,tersnack
CONSUMER STAPLES,thmann
CONSUMER STAPLES,tional
CONSUMER STAPLES,tleistung
CONSUMER STAPLES,torck
CONSUMER STAPLES,tracorp
CONSUMER STAPLES,trieb
CONSUMER STAPLES,tro
CONSUMER STAPLES,trothmann
CONSUMER STAPLES,tschland
CONSUMER STAPLES,tta
CONSUMER STAPLES,tung
CONSUMER STAPLES,ucker
CONSUMER STAPLES,ufland
CONSUMER STAPLES,uglas
CONSUMER STAPLES,ung
CONSUMER STAPLES,uto
CONSUMER STAPLES,utracorp
CONSUMER STAPLES,utschland
CONSUMER STAPLES,venience
CONSUMER STAPLES,verdrop
CONSUMER STAPLES,vest
CONSUMER STAPLES,vis
CONSUMER STAPLES,w25
CONSUMER STAPLES,wald
CONSUMER STAPLES,warz
CONSUMER STAPLES,xingvest
CONSUMER STAPLES,zucker
CONSUMER STAPLES,äck
CONSUMER STAPLES,öhler
CONSUMER STAPLES,üdzucker
ENERGY,BIO
ENERGY,ERBIO
ENERGY,IGA
ENERGY,Klesch
ENERGY,RBIO
ENERGY,VERBIO
ENERGY,WIGA
ENERGY,anking
ENERGY,esch
ENERGY,iltanking
ENERGY,ing
ENERGY,king
ENERGY,lesch
ENERGY,ltanking
ENERGY,nking
ENERGY,sch
ENERGY,tanking
FINANCIALS,ance
FINANCIALS,bcfinance
FINANCIALS,cfinance
FINANCIALS,cflox
FINANCIALS,finance
FINANCIALS,flox
FINANCIALS,inance
FINANCIALS,lox
FINANCIALS,nance
FINANCIALS,nce
HEALTH CARE,-Chemie
HEALTH CARE,-Klinik
HEALTH CARE,-Kliniken
HEALTH CARE,AEP
HEALTH CARE,AFT
HEALTH CARE,AQUET
HEALTH CARE,ARCH
HEALTH CARE,Aceso
HEALTH CARE,Amoena
HEALTH CARE,Asklepios
HEALTH CARE,Azurit
HEALTH CARE,Bayer
HEALTH CARE,Bionorica
HEALTH CARE,CHAFT
HEALTH CARE,Catering
HEALTH CARE,Chemie
HEALTH CARE,Consult
HEALTH CARE,Cura
HEALTH CARE,Diaverum
HEALTH CARE,Dr¿ger
HEALTH CARE,EARCH
HEALTH CARE,EIN
HEALTH CARE,ELLSCHAFT
HEALTH CARE,ELRHEIN
HEALTH CARE,ESEARCH
HEALTH CARE,Eisai
HEALTH CARE,Felmo
HEALTH CARE,Fresenius
HEALTH CARE,HAFT
HEALTH CARE,HEIN
HEALTH CARE,Hospitals
HEALTH CARE,Klinik
HEALTH CARE,Kliniken
HEALTH CARE,LLSCHAFT
HEALTH CARE,LRHEIN
HEALTH CARE,LSCHAFT
HEALTH CARE,MAQUET
HEALTH CARE,Mediclin
HEALTH CARE,Medikomp
HEALTH CARE,Merck
HEALTH CARE,NRESEARCH
HEALTH CARE,Pharma
HEALTH CARE,QUET
HEALTH CARE,RCH
HEALTH CARE,RESEARCH
HEALTH CARE,RHEIN
HEALTH CARE,SCHAFT
HEALTH CARE,SEARCH
HEALTH CARE,Sartorius
HEALTH CARE,Seidel
HEALTH CARE,Stada
HEALTH CARE,Synlab
HEALTH CARE,Syntegon
HEALTH CARE,TELRHEIN
HEALTH CARE,TTELRHEIN
HEALTH CARE,UET
HEALTH CARE,Zeneca
HEALTH CARE,aZeneca
HEALTH CARE,ada
HEALTH CARE,ahandel
HEALTH CARE,als
HEALTH CARE,and
HEALTH CARE,andel
HEALTH CARE,arität
HEALTH CARE,arm
HEALTH CARE,arma
HEALTH CARE,artorius
HEALTH CARE,atering
HEALTH CARE,averum
HEALTH CARE,axpharm
HEALTH CARE,ayer
HEALTH CARE,bilien
HEALTH CARE,ceso
HEALTH CARE,ch-Klinik
HEALTH CARE,chland
HEALTH CARE,clin
HEALTH CARE,darität
HEALTH CARE,del
HEALTH CARE,diclin
HEALTH CARE,dikomp
HEALTH CARE,eca
HEALTH CARE,ediclin
HEALTH CARE,edikomp
HEALTH CARE,egon
HEALTH CARE,eidel
HEALTH CARE,eimer
HEALTH CARE,elmo
HEALTH CARE,emie
HEALTH CARE,ena
HEALTH CARE,eneca
HEALTH CARE,enius
HEALTH CARE,enthal
HEALTH CARE,epios
HEALTH CARE,erck
HEALTH CARE,ering
HEALTH CARE,erum
HEALTH CARE,esenius
HEALTH CARE,esheimer
HEALTH CARE,eso
HEALTH CARE,ger
HEALTH CARE,gon
HEALTH CARE,h-Klinik
HEALTH CARE,hal
HEALTH CARE,handel
HEALTH CARE,harm
HEALTH CARE,harma
HEALTH CARE,heimer
HEALTH CARE,hemie
HEALTH CARE,hland
HEALTH CARE,iaverum
HEALTH CARE,ica
HEALTH CARE,iclin
HEALTH CARE,idarität
HEALTH CARE,idel
HEALTH CARE,ien
HEALTH CARE,iken
HEALTH CARE,ikomp
HEALTH CARE,ilien
HEALTH CARE,imer
HEALTH CARE,in-Chemie
HEALTH CARE,ing
HEALTH CARE,inik
HEALTH CARE,iniken
HEALTH CARE,ionorica
HEALTH CARE,ios
HEALTH CARE,isai
HEALTH CARE,itals
HEALTH CARE,ität
HEALTH CARE,ius
HEALTH CARE,ken
HEALTH CARE,klepios
HEALTH CARE,komp
HEALTH CARE,lab
HEALTH CARE,land
HEALTH CARE,lepios
HEALTH CARE,lidarität
HEALTH CARE,lien
HEALTH CARE,lin
HEALTH CARE,linik
HEALTH CARE,liniken
HEALTH CARE,lmo
HEALTH CARE,mahandel
HEALTH CARE,mer
HEALTH CARE,mie
HEALTH CARE,mmobilien
HEALTH CARE,mobilien
HEALTH CARE,moena
HEALTH CARE,n-Chemie
HEALTH CARE,ndel
HEALTH CARE,neca
HEALTH CARE,nenthal
HEALTH CARE,nik
HEALTH CARE,niken
HEALTH CARE,nius
HEALTH CARE,nlab
HEALTH CARE,norica
HEALTH CARE,nsult
HEALTH CARE,ntegon
HEALTH CARE,nthal
HEALTH CARE,obilien
HEALTH CARE,oena
HEALTH CARE,omp
HEALTH CARE,onorica
HEALTH CARE,onsult
HEALTH CARE,orica
HEALTH CARE,orius
HEALTH CARE,ospitals
HEALTH CARE,pharm
HEALTH CARE,pios
HEALTH CARE,pitals
HEALTH CARE,raZeneca
HEALTH CARE,raxpharm
HEALTH CARE,rck
HEALTH CARE,resenius
HEALTH CARE,resheimer
HEALTH CARE,rica
HEALTH CARE,ring
HEALTH CARE,rit
HEALTH CARE,rität
HEALTH CARE,rius
HEALTH CARE,rma
HEALTH CARE,rmahandel
HEALTH CARE,rtorius
HEALTH CARE,rum
HEALTH CARE,r¿ger
HEALTH CARE,rünenthal
HEALTH CARE,sai
HEALTH CARE,schland
HEALTH CARE,senius
HEALTH CARE,sheimer
HEALTH CARE,sklepios
HEALTH CARE,spitals
HEALTH CARE,sult
HEALTH CARE,tada
HEALTH CARE,tals
HEALTH CARE,tegon
HEALTH CARE,tering
HEALTH CARE,thal
HEALTH CARE,torius
HEALTH CARE,traZeneca
HEALTH CARE,tschland
HEALTH CARE,tät
HEALTH CARE,ult
HEALTH CARE,ura
HEALTH CARE,uraxpharm
HEALTH CARE,urit
HEALTH CARE,utschland
HEALTH CARE,verum
HEALTH CARE,xpharm
HEALTH CARE,yer
HEALTH CARE,ynlab
HEALTH CARE,yntegon
HEALTH CARE,zurit
HEALTH CARE,¿ger
HEALTH CARE,ünenthal
INDUSTRIALS,+Gyr
INDUSTRIALS,-Bremse
INDUSTRIALS,-Gruppe
INDUSTRIALS,-HUNGÁRIA
INDUSTRIALS,-Jesco
INDUSTRIALS,-Lloyd
INDUSTRIALS,-SMIT
INDUSTRIALS,-papst
INDUSTRIALS,.I.T.
INDUSTRIALS,.T.
INDUSTRIALS,.assoc
INDUSTRIALS,2278364
INDUSTRIALS,278364
INDUSTRIALS,364
INDUSTRIALS,78364
INDUSTRIALS,8364
INDUSTRIALS,AAS
INDUSTRIALS,ABAG
INDUSTRIALS,ABERTHERM
INDUSTRIALS,ABO
INDUSTRIALS,ACH
INDUSTRIALS,ACHS
INDUSTRIALS,ACO
INDUSTRIALS,ACTAQUA
INDUSTRIALS,AFI
INDUSTRIALS,AGO
INDUSTRIALS,AHL
INDUSTRIALS,AILPOOL
INDUSTRIALS,AKEDA
INDUSTRIALS,"AKEPS,"
INDUSTRIALS,ALBA
INDUSTRIALS,AMBELLI
INDUSTRIALS,ANJES
INDUSTRIALS,ANSGROHE
INDUSTRIALS,AQUA
INDUSTRIALS,ARBACH
INDUSTRIALS,ARTA
INDUSTRIALS,ATH
INDUSTRIALS,AUS
INDUSTRIALS,AVEL
INDUSTRIALS,Adcuram
INDUSTRIALS,Alite
INDUSTRIALS,Alufe
INDUSTRIALS,Apleona
INDUSTRIALS,B-SMIT
INDUSTRIALS,BACH
INDUSTRIALS,BAG
INDUSTRIALS,BELLI
INDUSTRIALS,BERGER
INDUSTRIALS,BERTHERM
INDUSTRIALS,BHS
INDUSTRIALS,BODENHAUS
INDUSTRIALS,BSA
INDUSTRIALS,BURG
INDUSTRIALS,Bahn
INDUSTRIALS,Bauer
INDUSTRIALS,Bauwatch
INDUSTRIALS,Bilfinger
INDUSTRIALS,Bizerba
INDUSTRIALS,Bode
INDUSTRIALS,Bremse
INDUSTRIALS,Builtech
INDUSTRIALS,CCC
INDUSTRIALS,CHS
INDUSTRIALS,CHT
INDUSTRIALS,CHTIEF
INDUSTRIALS,CKE
INDUSTRIALS,CLAAS
INDUSTRIALS,CTAQUA
INDUSTRIALS,CWS
INDUSTRIALS,Cable
INDUSTRIALS,Ceminvest
INDUSTRIALS,CeramTec
INDUSTRIALS,Chemoform
INDUSTRIALS,Conergy
INDUSTRIALS,Currenta
INDUSTRIALS,DEKRA
INDUSTRIALS,DENHAUS
INDUSTRIALS,DER
INDUSTRIALS,DEXX
INDUSTRIALS,DSD
INDUSTRIALS,DUERR
INDUSTRIALS,Dachser
INDUSTRIALS,Datavard
INDUSTRIALS,Delton
INDUSTRIALS,Designa
INDUSTRIALS,Dkv
INDUSTRIALS,Dorma
INDUSTRIALS,Driescher
INDUSTRIALS,Dürr
INDUSTRIALS,EBERGER
INDUSTRIALS,ECKE
INDUSTRIALS,ECT
INDUSTRIALS,EDA
INDUSTRIALS,EDER
INDUSTRIALS,EESENBURG
INDUSTRIALS,EEW
INDUSTRIALS,EFE
INDUSTRIALS,EFR
INDUSTRIALS,EHL
INDUSTRIALS,EHOFF
INDUSTRIALS,EHRING
INDUSTRIALS,EINEL
INDUSTRIALS,EITEC
INDUSTRIALS,EKRA
INDUSTRIALS,ELECT
INDUSTRIALS,ELIN
INDUSTRIALS,ELLECKE
INDUSTRIALS,ELLI
INDUSTRIALS,EMAG
INDUSTRIALS,EMENS
INDUSTRIALS,EMETCO
INDUSTRIALS,ENBURG
INDUSTRIALS,ENHAUS
INDUSTRIALS,ENS
INDUSTRIALS,EPPELIN
INDUSTRIALS,"EPS,"
INDUSTRIALS,EQT
INDUSTRIALS,ERGER
INDUSTRIALS,ERI
INDUSTRIALS,ERLUS
INDUSTRIALS,ERM
INDUSTRIALS,ERO
INDUSTRIALS,ERR
INDUSTRIALS,ERTHERM
INDUSTRIALS,ESENBURG
INDUSTRIALS,ETA
INDUSTRIALS,ETABO
INDUSTRIALS,ETCO
INDUSTRIALS,EVACO
INDUSTRIALS,EWM
INDUSTRIALS,EXX
INDUSTRIALS,EZE
INDUSTRIALS,Elevion
INDUSTRIALS,Exyte
INDUSTRIALS,Festo
INDUSTRIALS,Fiege
INDUSTRIALS,Flender
INDUSTRIALS,Forwardis
INDUSTRIALS,Frank
INDUSTRIALS,Fraport
INDUSTRIALS,Frikus
INDUSTRIALS,GB-SMIT
INDUSTRIALS,GEA
INDUSTRIALS,GEHRING
INDUSTRIALS,GER
INDUSTRIALS,GEZE
INDUSTRIALS,GIMEXX
INDUSTRIALS,"GOHR,"
INDUSTRIALS,GPOINT
INDUSTRIALS,GROHE
INDUSTRIALS,GROSSHAUS
INDUSTRIALS,GaUp
INDUSTRIALS,Geberit
INDUSTRIALS,Gerätebau
INDUSTRIALS,GfK
INDUSTRIALS,GmbH
INDUSTRIALS,Goldbeck
INDUSTRIALS,Gruppe
INDUSTRIALS,Gyr
INDUSTRIALS,GÁRIA
INDUSTRIALS,HAAS
INDUSTRIALS,HANJES
INDUSTRIALS,HANSGROHE
INDUSTRIALS,HAUS
INDUSTRIALS,HEBERGER
INDUSTRIALS,HEITEC
INDUSTRIALS,HERM
INDUSTRIALS,HINRICH
INDUSTRIALS,HNELLECKE
INDUSTRIALS,HOCHTIEF
INDUSTRIALS,HOFF
INDUSTRIALS,"HR,"
INDUSTRIALS,HRING
INDUSTRIALS,HTIEF
INDUSTRIALS,HUNGÁRIA
INDUSTRIALS,Hagedorn
INDUSTRIALS,Haniel
INDUSTRIALS,Hansgrohe
INDUSTRIALS,Heberger
INDUSTRIALS,Holding
INDUSTRIALS,Holster
INDUSTRIALS,Hoyer
INDUSTRIALS,Huonker
INDUSTRIALS,I.T.
INDUSTRIALS,IBG
INDUSTRIALS,ICH
INDUSTRIALS,ICHT
INDUSTRIALS,IEF
INDUSTRIALS,IEHOFF
INDUSTRIALS,IEMENS
INDUSTRIALS,ILPOOL
INDUSTRIALS,ILSPED
INDUSTRIALS,IMEXX
INDUSTRIALS,IMON
INDUSTRIALS,INEL
INDUSTRIALS,ING
INDUSTRIALS,INGPOINT
INDUSTRIALS,INOR
INDUSTRIALS,INRICH
INDUSTRIALS,INT
INDUSTRIALS,IONSTAHL
INDUSTRIALS,ITEC
INDUSTRIALS,Interfer
INDUSTRIALS,Isoplus
INDUSTRIALS,JES
INDUSTRIALS,Jesco
INDUSTRIALS,KAP
INDUSTRIALS,KEDA
INDUSTRIALS,"KEPS,"
INDUSTRIALS,KHD
INDUSTRIALS,KLUDI
INDUSTRIALS,KRA
INDUSTRIALS,KSB
INDUSTRIALS,Kion
INDUSTRIALS,Knapp
INDUSTRIALS,Krohne
INDUSTRIALS,Krusselin
INDUSTRIALS,K¿rber
INDUSTRIALS,Körber
INDUSTRIALS,L.I.T.
INDUSTRIALS,LAAS
INDUSTRIALS,LBA
INDUSTRIALS,LECKE
INDUSTRIALS,LECT
INDUSTRIALS,LEMETCO
INDUSTRIALS,LICHT
INDUSTRIALS,LIN
INDUSTRIALS,LLECKE
INDUSTRIALS,LLI
INDUSTRIALS,LOGIMEXX
INDUSTRIALS,LPOOL
INDUSTRIALS,LSPED
INDUSTRIALS,LTIMON
INDUSTRIALS,LUDI
INDUSTRIALS,LUS
INDUSTRIALS,LUXIT
INDUSTRIALS,Leadec
INDUSTRIALS,Ledvance
INDUSTRIALS,Lemken
INDUSTRIALS,Lenze
INDUSTRIALS,Lloyd
INDUSTRIALS,Logwin
INDUSTRIALS,Lufthansa
INDUSTRIALS,Lürßen
INDUSTRIALS,M+W
INDUSTRIALS,MAG
INDUSTRIALS,MAN
INDUSTRIALS,MARBACH
INDUSTRIALS,MBELLI
INDUSTRIALS,MDEXX
INDUSTRIALS,MENS
INDUSTRIALS,METCO
INDUSTRIALS,MEVACO
INDUSTRIALS,MEXX
INDUSTRIALS,MILSPED
INDUSTRIALS,MIT
INDUSTRIALS,MON
INDUSTRIALS,MULTIMON
INDUSTRIALS,Mabanaft
INDUSTRIALS,Maffei
INDUSTRIALS,Magirus
INDUSTRIALS,Mehler
INDUSTRIALS,Metering
INDUSTRIALS,MidCo
INDUSTRIALS,Minimax
INDUSTRIALS,Motion
INDUSTRIALS,Multivac
INDUSTRIALS,Mutares
INDUSTRIALS,MÖSL
INDUSTRIALS,NBURG
INDUSTRIALS,NEL
INDUSTRIALS,NELLECKE
INDUSTRIALS,NGPOINT
INDUSTRIALS,NGÁRIA
INDUSTRIALS,NHAUS
INDUSTRIALS,NIEHOFF
INDUSTRIALS,NIONSTAHL
INDUSTRIALS,NJES
INDUSTRIALS,NOR
INDUSTRIALS,NRICH
INDUSTRIALS,NSGROHE
INDUSTRIALS,NSTAHL
INDUSTRIALS,Nordex
INDUSTRIALS,OCHTIEF
INDUSTRIALS,ODENHAUS
INDUSTRIALS,OFF
INDUSTRIALS,OGIMEXX
INDUSTRIALS,OHE
INDUSTRIALS,"OHR,"
INDUSTRIALS,OINT
INDUSTRIALS,OLICHT
INDUSTRIALS,ONSTAHL
INDUSTRIALS,OOL
INDUSTRIALS,OSRAM
INDUSTRIALS,OSSEHL
INDUSTRIALS,OSSHAUS
INDUSTRIALS,OTINOR
INDUSTRIALS,PED
INDUSTRIALS,PELIN
INDUSTRIALS,PERI
INDUSTRIALS,POINT
INDUSTRIALS,POOL
INDUSTRIALS,POSSEHL
INDUSTRIALS,PPELIN
INDUSTRIALS,PROLICHT
INDUSTRIALS,"PS,"
INDUSTRIALS,Paneel
INDUSTRIALS,Parador
INDUSTRIALS,Peri
INDUSTRIALS,Perlon
INDUSTRIALS,Pfaudler
INDUSTRIALS,Polygon
INDUSTRIALS,Post
INDUSTRIALS,QUA
INDUSTRIALS,RABAG
INDUSTRIALS,RAFI
INDUSTRIALS,RAILPOOL
INDUSTRIALS,RAM
INDUSTRIALS,RATH
INDUSTRIALS,RAVEL
INDUSTRIALS,RBACH
INDUSTRIALS,RGER
INDUSTRIALS,RIA
INDUSTRIALS,RICH
INDUSTRIALS,RING
INDUSTRIALS,RINGPOINT
INDUSTRIALS,RLUS
INDUSTRIALS,ROHE
INDUSTRIALS,ROLICHT
INDUSTRIALS,ROSSHAUS
INDUSTRIALS,ROTINOR
INDUSTRIALS,RTA
INDUSTRIALS,RTHERM
INDUSTRIALS,Rehau
INDUSTRIALS,Reinhardt
INDUSTRIALS,Remondis
INDUSTRIALS,Rhenus
INDUSTRIALS,Rotodecor
INDUSTRIALS,S2278364
INDUSTRIALS,SACHS
INDUSTRIALS,SEFE
INDUSTRIALS,SEHL
INDUSTRIALS,SELECT
INDUSTRIALS,SENBURG
INDUSTRIALS,SERO
INDUSTRIALS,SGB-SMIT
INDUSTRIALS,SGROHE
INDUSTRIALS,SGS
INDUSTRIALS,SHAUS
INDUSTRIALS,SIEMENS
INDUSTRIALS,SMIT
INDUSTRIALS,SMS
INDUSTRIALS,SPED
INDUSTRIALS,SRAM
INDUSTRIALS,SSEHL
INDUSTRIALS,SSF
INDUSTRIALS,SSHAUS
INDUSTRIALS,STAHL
INDUSTRIALS,STEINEL
INDUSTRIALS,STRABAG
INDUSTRIALS,STULZ
INDUSTRIALS,Schaltbau
INDUSTRIALS,Schottel
INDUSTRIALS,Schuler
INDUSTRIALS,Schunk
INDUSTRIALS,Schöck
INDUSTRIALS,Sedlmayer
INDUSTRIALS,Seuthe
INDUSTRIALS,Siemens
INDUSTRIALS,Sixt
INDUSTRIALS,Software
INDUSTRIALS,Solle
INDUSTRIALS,Streif
INDUSTRIALS,Supernova
INDUSTRIALS,Südkabel
INDUSTRIALS,TABO
INDUSTRIALS,TAHL
INDUSTRIALS,TAKEDA
INDUSTRIALS,TAQUA
INDUSTRIALS,TCO
INDUSTRIALS,TEC
INDUSTRIALS,TEINEL
INDUSTRIALS,THERM
INDUSTRIALS,THINRICH
INDUSTRIALS,TIEF
INDUSTRIALS,TIMON
INDUSTRIALS,TINOR
INDUSTRIALS,TRABAG
INDUSTRIALS,TRAVEL
INDUSTRIALS,TTHINRICH
INDUSTRIALS,TULZ
INDUSTRIALS,Tec
INDUSTRIALS,Techem
INDUSTRIALS,Trench
INDUSTRIALS,Trilux
INDUSTRIALS,UDI
INDUSTRIALS,UERR
INDUSTRIALS,ULTIMON
INDUSTRIALS,ULZ
INDUSTRIALS,UNGÁRIA
INDUSTRIALS,URAILPOOL
INDUSTRIALS,URG
INDUSTRIALS,US2278364
INDUSTRIALS,UXIT
INDUSTRIALS,Uvex
INDUSTRIALS,VACO
INDUSTRIALS,VAG
INDUSTRIALS,VARTA
INDUSTRIALS,VBH
INDUSTRIALS,VEL
INDUSTRIALS,VEM
INDUSTRIALS,VTG
INDUSTRIALS,Vaillant
INDUSTRIALS,Veka
INDUSTRIALS,VetterTec
INDUSTRIALS,Voith
INDUSTRIALS,Voltfang
INDUSTRIALS,Vossloh
INDUSTRIALS,WAGO
INDUSTRIALS,Wika
INDUSTRIALS,XIT
INDUSTRIALS,Yoummday
INDUSTRIALS,ZAMBELLI
INDUSTRIALS,ZEPPELIN
INDUSTRIALS,ZETA
INDUSTRIALS,Zeppelin
INDUSTRIALS,_DE
INDUSTRIALS,aPaneel
INDUSTRIALS,aUp
INDUSTRIALS,abanaft
INDUSTRIALS,abel
INDUSTRIALS,abenhaus
INDUSTRIALS,able
INDUSTRIALS,acher
INDUSTRIALS,achser
INDUSTRIALS,adec
INDUSTRIALS,ador
INDUSTRIALS,affei
INDUSTRIALS,aft
INDUSTRIALS,ag-Lloyd
INDUSTRIALS,agebau
INDUSTRIALS,agedorn
INDUSTRIALS,agirus
INDUSTRIALS,ahn
INDUSTRIALS,aillant
INDUSTRIALS,altbau
INDUSTRIALS,amTec
INDUSTRIALS,amp
INDUSTRIALS,anaft
INDUSTRIALS,ance
INDUSTRIALS,andis+Gyr
INDUSTRIALS,aneel
INDUSTRIALS,anes
INDUSTRIALS,ang
INDUSTRIALS,aniel
INDUSTRIALS,ank
INDUSTRIALS,ann
INDUSTRIALS,ansa
INDUSTRIALS,ansgrohe
INDUSTRIALS,ant
INDUSTRIALS,aport
INDUSTRIALS,app
INDUSTRIALS,apst
INDUSTRIALS,arador
INDUSTRIALS,ard
INDUSTRIALS,ardier
INDUSTRIALS,ardis
INDUSTRIALS,ardt
INDUSTRIALS,are
INDUSTRIALS,ares
INDUSTRIALS,artpoint
INDUSTRIALS,aschinen
INDUSTRIALS,assoc
INDUSTRIALS,atavard
INDUSTRIALS,atch
INDUSTRIALS,ational
INDUSTRIALS,audler
INDUSTRIALS,auer
INDUSTRIALS,aus
INDUSTRIALS,auwatch
INDUSTRIALS,avard
INDUSTRIALS,ayer
INDUSTRIALS,ayerische
INDUSTRIALS,bacher
INDUSTRIALS,banaft
INDUSTRIALS,bardier
INDUSTRIALS,bau
INDUSTRIALS,beck
INDUSTRIALS,bel
INDUSTRIALS,benhaus
INDUSTRIALS,ber
INDUSTRIALS,berg
INDUSTRIALS,berger
INDUSTRIALS,berit
INDUSTRIALS,ble
INDUSTRIALS,bm-papst
INDUSTRIALS,bohrer
INDUSTRIALS,chaPaneel
INDUSTRIALS,chaft
INDUSTRIALS,chaltbau
INDUSTRIALS,che
INDUSTRIALS,chem
INDUSTRIALS,cher
INDUSTRIALS,chinen
INDUSTRIALS,chottel
INDUSTRIALS,chser
INDUSTRIALS,chuler
INDUSTRIALS,chunk
INDUSTRIALS,chöck
INDUSTRIALS,ck.assoc
INDUSTRIALS,ckservice
INDUSTRIALS,cor
INDUSTRIALS,cranes
INDUSTRIALS,curam
INDUSTRIALS,dCo
INDUSTRIALS,day
INDUSTRIALS,dbeck
INDUSTRIALS,dcuram
INDUSTRIALS,dec
INDUSTRIALS,decor
INDUSTRIALS,demeister
INDUSTRIALS,denberg
INDUSTRIALS,der
INDUSTRIALS,dex
INDUSTRIALS,dier
INDUSTRIALS,ding
INDUSTRIALS,dis
INDUSTRIALS,dis+Gyr
INDUSTRIALS,dkabel
INDUSTRIALS,dler
INDUSTRIALS,dlmayer
INDUSTRIALS,dor
INDUSTRIALS,dorn
INDUSTRIALS,dvance
INDUSTRIALS,eadec
INDUSTRIALS,ebau
INDUSTRIALS,eberger
INDUSTRIALS,eberit
INDUSTRIALS,ebm-papst
INDUSTRIALS,ech
INDUSTRIALS,echem
INDUSTRIALS,eck
INDUSTRIALS,eck.assoc
INDUSTRIALS,ecor
INDUSTRIALS,ecranes
INDUSTRIALS,edlmayer
INDUSTRIALS,edorn
INDUSTRIALS,edvance
INDUSTRIALS,eel
INDUSTRIALS,ege
INDUSTRIALS,ehau
INDUSTRIALS,ehler
INDUSTRIALS,eif
INDUSTRIALS,eiligung
INDUSTRIALS,einhardt
INDUSTRIALS,einrich
INDUSTRIALS,eister
INDUSTRIALS,eka
INDUSTRIALS,elin
INDUSTRIALS,elkamp
INDUSTRIALS,ellschaft
INDUSTRIALS,elton
INDUSTRIALS,emeister
INDUSTRIALS,emens
INDUSTRIALS,eminvest
INDUSTRIALS,emken
INDUSTRIALS,emoform
INDUSTRIALS,emondis
INDUSTRIALS,empelkamp
INDUSTRIALS,emse
INDUSTRIALS,enbacher
INDUSTRIALS,enberg
INDUSTRIALS,ench
INDUSTRIALS,ender
INDUSTRIALS,enhaus
INDUSTRIALS,ens
INDUSTRIALS,enta
INDUSTRIALS,enus
INDUSTRIALS,enze
INDUSTRIALS,eona
INDUSTRIALS,eppelin
INDUSTRIALS,erTec
INDUSTRIALS,eramTec
INDUSTRIALS,erba
INDUSTRIALS,erfer
INDUSTRIALS,erg
INDUSTRIALS,erger
INDUSTRIALS,ergy
INDUSTRIALS,eri
INDUSTRIALS,ering
INDUSTRIALS,erische
INDUSTRIALS,erit
INDUSTRIALS,erlines
INDUSTRIALS,erlon
INDUSTRIALS,ermann
INDUSTRIALS,ernova
INDUSTRIALS,ervice
INDUSTRIALS,erätebau
INDUSTRIALS,es_DE
INDUSTRIALS,escher
INDUSTRIALS,esco
INDUSTRIALS,eshworld
INDUSTRIALS,esigna
INDUSTRIALS,est
INDUSTRIALS,esto
INDUSTRIALS,etering
INDUSTRIALS,etterTec
INDUSTRIALS,ettermann
INDUSTRIALS,eudenberg
INDUSTRIALS,euthe
INDUSTRIALS,evion
INDUSTRIALS,fang
INDUSTRIALS,faudler
INDUSTRIALS,fei
INDUSTRIALS,fenbacher
INDUSTRIALS,fer
INDUSTRIALS,ffei
INDUSTRIALS,finger
INDUSTRIALS,form
INDUSTRIALS,fthansa
INDUSTRIALS,ftware
INDUSTRIALS,g-Lloyd
INDUSTRIALS,gebau
INDUSTRIALS,gedorn
INDUSTRIALS,ger
INDUSTRIALS,gheinrich
INDUSTRIALS,girus
INDUSTRIALS,gna
INDUSTRIALS,gon
INDUSTRIALS,grohe
INDUSTRIALS,gsservice
INDUSTRIALS,gung
INDUSTRIALS,gwin
INDUSTRIALS,h-Gruppe
INDUSTRIALS,haPaneel
INDUSTRIALS,haft
INDUSTRIALS,hagebau
INDUSTRIALS,haltbau
INDUSTRIALS,hansa
INDUSTRIALS,hardt
INDUSTRIALS,hau
INDUSTRIALS,haus
INDUSTRIALS,heinrich
INDUSTRIALS,hem
INDUSTRIALS,hemoform
INDUSTRIALS,henus
INDUSTRIALS,her
INDUSTRIALS,hinen
INDUSTRIALS,hlberger
INDUSTRIALS,hler
INDUSTRIALS,hne
INDUSTRIALS,hottel
INDUSTRIALS,hrer
INDUSTRIALS,hser
INDUSTRIALS,huler
INDUSTRIALS,hunk
INDUSTRIALS,hworld
INDUSTRIALS,höck
INDUSTRIALS,ice
INDUSTRIALS,ich
INDUSTRIALS,ics
INDUSTRIALS,idCo
INDUSTRIALS,iege
INDUSTRIALS,iel
INDUSTRIALS,iemens
INDUSTRIALS,ier
INDUSTRIALS,ies_DE
INDUSTRIALS,iescher
INDUSTRIALS,igna
INDUSTRIALS,igung
INDUSTRIALS,ika
INDUSTRIALS,ikra
INDUSTRIALS,ikus
INDUSTRIALS,ilfinger
INDUSTRIALS,iligung
INDUSTRIALS,illant
INDUSTRIALS,iltech
INDUSTRIALS,ilux
INDUSTRIALS,imax
INDUSTRIALS,inen
INDUSTRIALS,ines
INDUSTRIALS,ing
INDUSTRIALS,inger
INDUSTRIALS,inhardt
INDUSTRIALS,inimax
INDUSTRIALS,inrich
INDUSTRIALS,int
INDUSTRIALS,invest
INDUSTRIALS,ion
INDUSTRIALS,ional
INDUSTRIALS,irus
INDUSTRIALS,is+Gyr
INDUSTRIALS,ische
INDUSTRIALS,ister
INDUSTRIALS,ite
INDUSTRIALS,ith
INDUSTRIALS,ities_DE
INDUSTRIALS,ivac
INDUSTRIALS,ixt
INDUSTRIALS,izerba
INDUSTRIALS,k.assoc
INDUSTRIALS,kMotion
INDUSTRIALS,kabel
INDUSTRIALS,kamp
INDUSTRIALS,ken
INDUSTRIALS,ker
INDUSTRIALS,kra
INDUSTRIALS,kservice
INDUSTRIALS,kus
INDUSTRIALS,lant
INDUSTRIALS,lberger
INDUSTRIALS,ldbeck
INDUSTRIALS,lding
INDUSTRIALS,lender
INDUSTRIALS,leona
INDUSTRIALS,ler
INDUSTRIALS,levion
INDUSTRIALS,lfinger
INDUSTRIALS,ligung
INDUSTRIALS,lin
INDUSTRIALS,lines
INDUSTRIALS,lite
INDUSTRIALS,lities_DE
INDUSTRIALS,lkamp
INDUSTRIALS,llant
INDUSTRIALS,lle
INDUSTRIALS,llschaft
INDUSTRIALS,lmayer
INDUSTRIALS,loh
INDUSTRIALS,lon
INDUSTRIALS,loyd
INDUSTRIALS,lschaft
INDUSTRIALS,lster
INDUSTRIALS,ltbau
INDUSTRIALS,ltech
INDUSTRIALS,ltfang
INDUSTRIALS,ltivac
INDUSTRIALS,lton
INDUSTRIALS,lufe
INDUSTRIALS,lus
INDUSTRIALS,lux
INDUSTRIALS,lygon
INDUSTRIALS,m-papst
INDUSTRIALS,mTec
INDUSTRIALS,mann
INDUSTRIALS,martpoint
INDUSTRIALS,maschinen
INDUSTRIALS,max
INDUSTRIALS,mayer
INDUSTRIALS,mbH
INDUSTRIALS,mbardier
INDUSTRIALS,mday
INDUSTRIALS,meister
INDUSTRIALS,mens
INDUSTRIALS,minvest
INDUSTRIALS,mken
INDUSTRIALS,mmday
INDUSTRIALS,moform
INDUSTRIALS,mondis
INDUSTRIALS,motics
INDUSTRIALS,mpelkamp
INDUSTRIALS,mse
INDUSTRIALS,naft
INDUSTRIALS,nal
INDUSTRIALS,napp
INDUSTRIALS,national
INDUSTRIALS,nbacher
INDUSTRIALS,nberg
INDUSTRIALS,nce
INDUSTRIALS,nch
INDUSTRIALS,nder
INDUSTRIALS,ndis
INDUSTRIALS,ndis+Gyr
INDUSTRIALS,necranes
INDUSTRIALS,neel
INDUSTRIALS,nen
INDUSTRIALS,nergy
INDUSTRIALS,nes
INDUSTRIALS,nger
INDUSTRIALS,nhardt
INDUSTRIALS,nhaus
INDUSTRIALS,niel
INDUSTRIALS,nimax
INDUSTRIALS,nker
INDUSTRIALS,nnomotics
INDUSTRIALS,nomotics
INDUSTRIALS,nova
INDUSTRIALS,nrich
INDUSTRIALS,nsa
INDUSTRIALS,nsgrohe
INDUSTRIALS,nta
INDUSTRIALS,nterfer
INDUSTRIALS,nus
INDUSTRIALS,nvest
INDUSTRIALS,nze
INDUSTRIALS,ode
INDUSTRIALS,odecor
INDUSTRIALS,oform
INDUSTRIALS,oftware
INDUSTRIALS,ogwin
INDUSTRIALS,ohe
INDUSTRIALS,ohne
INDUSTRIALS,ohrer
INDUSTRIALS,oint
INDUSTRIALS,oith
INDUSTRIALS,oldbeck
INDUSTRIALS,olding
INDUSTRIALS,olle
INDUSTRIALS,olster
INDUSTRIALS,oltfang
INDUSTRIALS,olygon
INDUSTRIALS,ombardier
INDUSTRIALS,omotics
INDUSTRIALS,ona
INDUSTRIALS,onal
INDUSTRIALS,ondis
INDUSTRIALS,onecranes
INDUSTRIALS,onergy
INDUSTRIALS,onker
INDUSTRIALS,oplus
INDUSTRIALS,ordex
INDUSTRIALS,orkMotion
INDUSTRIALS,orld
INDUSTRIALS,orm
INDUSTRIALS,orma
INDUSTRIALS,orn
INDUSTRIALS,ort
INDUSTRIALS,orwardis
INDUSTRIALS,ossloh
INDUSTRIALS,ost
INDUSTRIALS,otics
INDUSTRIALS,otion
INDUSTRIALS,otodecor
INDUSTRIALS,ottel
INDUSTRIALS,oummday
INDUSTRIALS,ova
INDUSTRIALS,owerlines
INDUSTRIALS,oyd
INDUSTRIALS,oyer
INDUSTRIALS,pag-Lloyd
INDUSTRIALS,papst
INDUSTRIALS,pelin
INDUSTRIALS,pelkamp
INDUSTRIALS,pernova
INDUSTRIALS,pleona
INDUSTRIALS,plus
INDUSTRIALS,point
INDUSTRIALS,port
INDUSTRIALS,ppe
INDUSTRIALS,ppelin
INDUSTRIALS,pst
INDUSTRIALS,r-Bremse
INDUSTRIALS,rTec
INDUSTRIALS,rador
INDUSTRIALS,ram
INDUSTRIALS,ramTec
INDUSTRIALS,ranes
INDUSTRIALS,rank
INDUSTRIALS,raport
INDUSTRIALS,rba
INDUSTRIALS,rber
INDUSTRIALS,rdex
INDUSTRIALS,rdier
INDUSTRIALS,rdis
INDUSTRIALS,rdt
INDUSTRIALS,reif
INDUSTRIALS,remse
INDUSTRIALS,rench
INDUSTRIALS,renta
INDUSTRIALS,rer
INDUSTRIALS,res
INDUSTRIALS,reshworld
INDUSTRIALS,rfer
INDUSTRIALS,rger
INDUSTRIALS,rgy
INDUSTRIALS,rich
INDUSTRIALS,riescher
INDUSTRIALS,rikus
INDUSTRIALS,rilux
INDUSTRIALS,ring
INDUSTRIALS,rische
INDUSTRIALS,rit
INDUSTRIALS,rkMotion
INDUSTRIALS,rld
INDUSTRIALS,rlines
INDUSTRIALS,rlon
INDUSTRIALS,rma
INDUSTRIALS,rmann
INDUSTRIALS,rnational
INDUSTRIALS,rnova
INDUSTRIALS,rohe
INDUSTRIALS,rohne
INDUSTRIALS,rr-Bremse
INDUSTRIALS,rrenta
INDUSTRIALS,rtpoint
INDUSTRIALS,ruppe
INDUSTRIALS,rus
INDUSTRIALS,russelin
INDUSTRIALS,rvice
INDUSTRIALS,rwardis
INDUSTRIALS,rßen
INDUSTRIALS,rätebau
INDUSTRIALS,s+Gyr
INDUSTRIALS,sMaffei
INDUSTRIALS,s_DE
INDUSTRIALS,sbohrer
INDUSTRIALS,schaft
INDUSTRIALS,sche
INDUSTRIALS,scher
INDUSTRIALS,schinen
INDUSTRIALS,sco
INDUSTRIALS,selin
INDUSTRIALS,ser
INDUSTRIALS,service
INDUSTRIALS,sgrohe
INDUSTRIALS,shworld
INDUSTRIALS,signa
INDUSTRIALS,sloh
INDUSTRIALS,soc
INDUSTRIALS,soplus
INDUSTRIALS,ssMaffei
INDUSTRIALS,ssbohrer
INDUSTRIALS,sselin
INDUSTRIALS,sservice
INDUSTRIALS,ssloh
INDUSTRIALS,ssoc
INDUSTRIALS,ster
INDUSTRIALS,sto
INDUSTRIALS,tares
INDUSTRIALS,tavard
INDUSTRIALS,tbau
INDUSTRIALS,tch
INDUSTRIALS,tebau
INDUSTRIALS,tech
INDUSTRIALS,teiligung
INDUSTRIALS,tel
INDUSTRIALS,ter
INDUSTRIALS,terTec
INDUSTRIALS,terfer
INDUSTRIALS,tering
INDUSTRIALS,termann
INDUSTRIALS,tfang
INDUSTRIALS,th-Gruppe
INDUSTRIALS,thansa
INDUSTRIALS,the
INDUSTRIALS,tics
INDUSTRIALS,ties_DE
INDUSTRIALS,tion
INDUSTRIALS,tional
INDUSTRIALS,tivac
INDUSTRIALS,todecor
INDUSTRIALS,ton
INDUSTRIALS,tpoint
INDUSTRIALS,treif
INDUSTRIALS,ttel
INDUSTRIALS,tterTec
INDUSTRIALS,ttermann
INDUSTRIALS,tware
INDUSTRIALS,tz-Jesco
INDUSTRIALS,udenberg
INDUSTRIALS,udler
INDUSTRIALS,uer
INDUSTRIALS,ufe
INDUSTRIALS,ufthansa
INDUSTRIALS,uiltech
INDUSTRIALS,uler
INDUSTRIALS,ultivac
INDUSTRIALS,ummday
INDUSTRIALS,ung
INDUSTRIALS,unk
INDUSTRIALS,uonker
INDUSTRIALS,upernova
INDUSTRIALS,uppe
INDUSTRIALS,uram
INDUSTRIALS,urrenta
INDUSTRIALS,ussMaffei
INDUSTRIALS,usselin
INDUSTRIALS,utares
INDUSTRIALS,uthe
INDUSTRIALS,utz-Jesco
INDUSTRIALS,uwatch
INDUSTRIALS,vac
INDUSTRIALS,vance
INDUSTRIALS,vard
INDUSTRIALS,vest
INDUSTRIALS,vex
INDUSTRIALS,vice
INDUSTRIALS,vion
INDUSTRIALS,wabenhaus
INDUSTRIALS,wardis
INDUSTRIALS,ware
INDUSTRIALS,watch
INDUSTRIALS,werlines
INDUSTRIALS,win
INDUSTRIALS,world
INDUSTRIALS,xyte
INDUSTRIALS,yer
INDUSTRIALS,yerische
INDUSTRIALS,ygon
INDUSTRIALS,yte
INDUSTRIALS,z-Jesco
INDUSTRIALS,zerba
INDUSTRIALS,¿rber
INDUSTRIALS,ÁRIA
INDUSTRIALS,ÖSL
INDUSTRIALS,ßen
INDUSTRIALS,ässbohrer
INDUSTRIALS,ätebau
INDUSTRIALS,öck
INDUSTRIALS,örber
INDUSTRIALS,üdkabel
INDUSTRIALS,ühlberger
INDUSTRIALS,ürr
INDUSTRIALS,ürßen
INFORMATION TECHNOLOGY,+Devrient
INFORMATION TECHNOLOGY,-cell
INFORMATION TECHNOLOGY,AGROUP
INFORMATION TECHNOLOGY,AIT
INFORMATION TECHNOLOGY,ALSO
INFORMATION TECHNOLOGY,AREX
INFORMATION TECHNOLOGY,ATAGROUP
INFORMATION TECHNOLOGY,ATEK
INFORMATION TECHNOLOGY,ATFORMS
INFORMATION TECHNOLOGY,Alecto
INFORMATION TECHNOLOGY,Alfatec
INFORMATION TECHNOLOGY,Aqipa
INFORMATION TECHNOLOGY,Atruvia
INFORMATION TECHNOLOGY,B2X
INFORMATION TECHNOLOGY,Bechtle
INFORMATION TECHNOLOGY,CHERRY
INFORMATION TECHNOLOGY,COMPAREX
INFORMATION TECHNOLOGY,Chapters
INFORMATION TECHNOLOGY,Circula
INFORMATION TECHNOLOGY,Comparex
INFORMATION TECHNOLOGY,Congatec
INFORMATION TECHNOLOGY,DATAGROUP
INFORMATION TECHNOLOGY,Devrient
INFORMATION TECHNOLOGY,DriveLock
INFORMATION TECHNOLOGY,EAM
INFORMATION TECHNOLOGY,EITEC
INFORMATION TECHNOLOGY,ERRY
INFORMATION TECHNOLOGY,Ericsson
INFORMATION TECHNOLOGY,FORMS
INFORMATION TECHNOLOGY,GROUP
INFORMATION TECHNOLOGY,Getsafe
INFORMATION TECHNOLOGY,HEITEC
INFORMATION TECHNOLOGY,HERRY
INFORMATION TECHNOLOGY,Harting
INFORMATION TECHNOLOGY,Holding
INFORMATION TECHNOLOGY,ISTA
INFORMATION TECHNOLOGY,ITEC
INFORMATION TECHNOLOGY,Infineon
INFORMATION TECHNOLOGY,Infobip
INFORMATION TECHNOLOGY,JUMPtec
INFORMATION TECHNOLOGY,Jenoptik
INFORMATION TECHNOLOGY,Joblift
INFORMATION TECHNOLOGY,KATEK
INFORMATION TECHNOLOGY,LATFORMS
INFORMATION TECHNOLOGY,LSO
INFORMATION TECHNOLOGY,Lock
INFORMATION TECHNOLOGY,MAIT
INFORMATION TECHNOLOGY,MPAREX
INFORMATION TECHNOLOGY,MPtec
INFORMATION TECHNOLOGY,Megara
INFORMATION TECHNOLOGY,Nagarro
INFORMATION TECHNOLOGY,OMPAREX
INFORMATION TECHNOLOGY,ORMS
INFORMATION TECHNOLOGY,OUP
INFORMATION TECHNOLOGY,PAREX
INFORMATION TECHNOLOGY,PLATFORMS
INFORMATION TECHNOLOGY,Proalpha
INFORMATION TECHNOLOGY,Ptec
INFORMATION TECHNOLOGY,REX
INFORMATION TECHNOLOGY,RMS
INFORMATION TECHNOLOGY,ROUP
INFORMATION TECHNOLOGY,RRY
INFORMATION TECHNOLOGY,Ratiodata
INFORMATION TECHNOLOGY,Ryte
INFORMATION TECHNOLOGY,SAP
INFORMATION TECHNOLOGY,STA
INFORMATION TECHNOLOGY,STEAM
INFORMATION TECHNOLOGY,SYSTEAM
INFORMATION TECHNOLOGY,Server
INFORMATION TECHNOLOGY,Shore
INFORMATION TECHNOLOGY,Software
INFORMATION TECHNOLOGY,Spryker
INFORMATION TECHNOLOGY,Staffbase
INFORMATION TECHNOLOGY,Systeam
INFORMATION TECHNOLOGY,TAGROUP
INFORMATION TECHNOLOGY,TEAM
INFORMATION TECHNOLOGY,TEC
INFORMATION TECHNOLOGY,TEK
INFORMATION TECHNOLOGY,TFORMS
INFORMATION TECHNOLOGY,Testbirds
INFORMATION TECHNOLOGY,Timetoact
INFORMATION TECHNOLOGY,Trionista
INFORMATION TECHNOLOGY,UMPtec
INFORMATION TECHNOLOGY,Viatis
INFORMATION TECHNOLOGY,Viewer
INFORMATION TECHNOLOGY,Vitronic
INFORMATION TECHNOLOGY,Wirecard
INFORMATION TECHNOLOGY,YSTEAM
INFORMATION TECHNOLOGY,Yunex
INFORMATION TECHNOLOGY,act
INFORMATION TECHNOLOGY,afe
INFORMATION TECHNOLOGY,affbase
INFORMATION TECHNOLOGY,agarro
INFORMATION TECHNOLOGY,aklamio
INFORMATION TECHNOLOGY,alpha
INFORMATION TECHNOLOGY,amViewer
INFORMATION TECHNOLOGY,amio
INFORMATION TECHNOLOGY,amviewer
INFORMATION TECHNOLOGY,ance
INFORMATION TECHNOLOGY,api
INFORMATION TECHNOLOGY,apters
INFORMATION TECHNOLOGY,ara
INFORMATION TECHNOLOGY,ard
INFORMATION TECHNOLOGY,are
INFORMATION TECHNOLOGY,arex
INFORMATION TECHNOLOGY,arro
INFORMATION TECHNOLOGY,arting
INFORMATION TECHNOLOGY,ase
INFORMATION TECHNOLOGY,ata
INFORMATION TECHNOLOGY,ate
INFORMATION TECHNOLOGY,atec
INFORMATION TECHNOLOGY,atiodata
INFORMATION TECHNOLOGY,atis
INFORMATION TECHNOLOGY,base
INFORMATION TECHNOLOGY,bip
INFORMATION TECHNOLOGY,birds
INFORMATION TECHNOLOGY,blift
INFORMATION TECHNOLOGY,card
INFORMATION TECHNOLOGY,cell
INFORMATION TECHNOLOGY,chtle
INFORMATION TECHNOLOGY,circuits
INFORMATION TECHNOLOGY,congatec
INFORMATION TECHNOLOGY,csson
INFORMATION TECHNOLOGY,cto
INFORMATION TECHNOLOGY,cuits
INFORMATION TECHNOLOGY,cula
INFORMATION TECHNOLOGY,data
INFORMATION TECHNOLOGY,ding
INFORMATION TECHNOLOGY,dsurance
INFORMATION TECHNOLOGY,eLock
INFORMATION TECHNOLOGY,eam
INFORMATION TECHNOLOGY,eamViewer
INFORMATION TECHNOLOGY,eamviewer
INFORMATION TECHNOLOGY,ecard
INFORMATION TECHNOLOGY,echtle
INFORMATION TECHNOLOGY,ecto
INFORMATION TECHNOLOGY,eenfinity
INFORMATION TECHNOLOGY,egara
INFORMATION TECHNOLOGY,ell
INFORMATION TECHNOLOGY,enfinity
INFORMATION TECHNOLOGY,enoptik
INFORMATION TECHNOLOGY,ent
INFORMATION TECHNOLOGY,eon
INFORMATION TECHNOLOGY,ers
INFORMATION TECHNOLOGY,erver
INFORMATION TECHNOLOGY,estbirds
INFORMATION TECHNOLOGY,etoact
INFORMATION TECHNOLOGY,etsafe
INFORMATION TECHNOLOGY,evrient
INFORMATION TECHNOLOGY,ewer
INFORMATION TECHNOLOGY,fatec
INFORMATION TECHNOLOGY,fbase
INFORMATION TECHNOLOGY,ffbase
INFORMATION TECHNOLOGY,fineon
INFORMATION TECHNOLOGY,finigate
INFORMATION TECHNOLOGY,finity
INFORMATION TECHNOLOGY,fobip
INFORMATION TECHNOLOGY,ftware
INFORMATION TECHNOLOGY,gara
INFORMATION TECHNOLOGY,garro
INFORMATION TECHNOLOGY,gate
INFORMATION TECHNOLOGY,gatec
INFORMATION TECHNOLOGY,hapters
INFORMATION TECHNOLOGY,hink-cell
INFORMATION TECHNOLOGY,hore
INFORMATION TECHNOLOGY,htle
INFORMATION TECHNOLOGY,iatis
INFORMATION TECHNOLOGY,icsson
INFORMATION TECHNOLOGY,ient
INFORMATION TECHNOLOGY,iewer
INFORMATION TECHNOLOGY,ift
INFORMATION TECHNOLOGY,igate
INFORMATION TECHNOLOGY,imetoact
INFORMATION TECHNOLOGY,ineon
INFORMATION TECHNOLOGY,ing
INFORMATION TECHNOLOGY,inigate
INFORMATION TECHNOLOGY,inity
INFORMATION TECHNOLOGY,ink-cell
INFORMATION TECHNOLOGY,iodata
INFORMATION TECHNOLOGY,ionista
INFORMATION TECHNOLOGY,ipa
INFORMATION TECHNOLOGY,ircuits
INFORMATION TECHNOLOGY,ircula
INFORMATION TECHNOLOGY,irds
INFORMATION TECHNOLOGY,irecard
INFORMATION TECHNOLOGY,ista
INFORMATION TECHNOLOGY,itronic
INFORMATION TECHNOLOGY,its
INFORMATION TECHNOLOGY,ity
INFORMATION TECHNOLOGY,iveLock
INFORMATION TECHNOLOGY,k-cell
INFORMATION TECHNOLOGY,ker
INFORMATION TECHNOLOGY,klamio
INFORMATION TECHNOLOGY,lamio
INFORMATION TECHNOLOGY,lding
INFORMATION TECHNOLOGY,lecto
INFORMATION TECHNOLOGY,lfatec
INFORMATION TECHNOLOGY,lift
INFORMATION TECHNOLOGY,lpha
INFORMATION TECHNOLOGY,lusServer
INFORMATION TECHNOLOGY,mViewer
INFORMATION TECHNOLOGY,metoact
INFORMATION TECHNOLOGY,mio
INFORMATION TECHNOLOGY,mparex
INFORMATION TECHNOLOGY,mviewer
INFORMATION TECHNOLOGY,nce
INFORMATION TECHNOLOGY,ndsurance
INFORMATION TECHNOLOGY,neon
INFORMATION TECHNOLOGY,nex
INFORMATION TECHNOLOGY,nfineon
INFORMATION TECHNOLOGY,nfinigate
INFORMATION TECHNOLOGY,nfinity
INFORMATION TECHNOLOGY,nfobip
INFORMATION TECHNOLOGY,ngatec
INFORMATION TECHNOLOGY,nic
INFORMATION TECHNOLOGY,nigate
INFORMATION TECHNOLOGY,nista
INFORMATION TECHNOLOGY,nity
INFORMATION TECHNOLOGY,nk-cell
INFORMATION TECHNOLOGY,noptik
INFORMATION TECHNOLOGY,oact
INFORMATION TECHNOLOGY,oalpha
INFORMATION TECHNOLOGY,obip
INFORMATION TECHNOLOGY,oblift
INFORMATION TECHNOLOGY,ocircuits
INFORMATION TECHNOLOGY,ock
INFORMATION TECHNOLOGY,odata
INFORMATION TECHNOLOGY,oftware
INFORMATION TECHNOLOGY,olding
INFORMATION TECHNOLOGY,omparex
INFORMATION TECHNOLOGY,ongatec
INFORMATION TECHNOLOGY,onic
INFORMATION TECHNOLOGY,onista
INFORMATION TECHNOLOGY,optik
INFORMATION TECHNOLOGY,ore
INFORMATION TECHNOLOGY,parex
INFORMATION TECHNOLOGY,pha
INFORMATION TECHNOLOGY,pryker
INFORMATION TECHNOLOGY,pters
INFORMATION TECHNOLOGY,ptik
INFORMATION TECHNOLOGY,qipa
INFORMATION TECHNOLOGY,rance
INFORMATION TECHNOLOGY,rcuits
INFORMATION TECHNOLOGY,rcula
INFORMATION TECHNOLOGY,rds
INFORMATION TECHNOLOGY,recard
INFORMATION TECHNOLOGY,rex
INFORMATION TECHNOLOGY,ricsson
INFORMATION TECHNOLOGY,rient
INFORMATION TECHNOLOGY,rionista
INFORMATION TECHNOLOGY,riveLock
INFORMATION TECHNOLOGY,roalpha
INFORMATION TECHNOLOGY,ronic
INFORMATION TECHNOLOGY,rro
INFORMATION TECHNOLOGY,rting
INFORMATION TECHNOLOGY,ruvia
INFORMATION TECHNOLOGY,rver
INFORMATION TECHNOLOGY,ryker
INFORMATION TECHNOLOGY,sHolding
INFORMATION TECHNOLOGY,sServer
INFORMATION TECHNOLOGY,safe
INFORMATION TECHNOLOGY,son
INFORMATION TECHNOLOGY,sson
INFORMATION TECHNOLOGY,sta
INFORMATION TECHNOLOGY,stbirds
INFORMATION TECHNOLOGY,steam
INFORMATION TECHNOLOGY,surance
INFORMATION TECHNOLOGY,taffbase
INFORMATION TECHNOLOGY,tbirds
INFORMATION TECHNOLOGY,team
INFORMATION TECHNOLOGY,tec
INFORMATION TECHNOLOGY,ters
INFORMATION TECHNOLOGY,tik
INFORMATION TECHNOLOGY,ting
INFORMATION TECHNOLOGY,tiodata
INFORMATION TECHNOLOGY,tis
INFORMATION TECHNOLOGY,tle
INFORMATION TECHNOLOGY,toact
INFORMATION TECHNOLOGY,tronic
INFORMATION TECHNOLOGY,truvia
INFORMATION TECHNOLOGY,tsafe
INFORMATION TECHNOLOGY,tware
INFORMATION TECHNOLOGY,uits
INFORMATION TECHNOLOGY,ula
INFORMATION TECHNOLOGY,unex
INFORMATION TECHNOLOGY,urance
INFORMATION TECHNOLOGY,usHolding
INFORMATION TECHNOLOGY,usServer
INFORMATION TECHNOLOGY,uvia
INFORMATION TECHNOLOGY,veLock
INFORMATION TECHNOLOGY,ver
INFORMATION TECHNOLOGY,via
INFORMATION TECHNOLOGY,viewer
INFORMATION TECHNOLOGY,vrient
INFORMATION TECHNOLOGY,ware
INFORMATION TECHNOLOGY,wer
INFORMATION TECHNOLOGY,yker
INFORMATION TECHNOLOGY,ysteam
INFORMATION TECHNOLOGY,yte
MATERIALS,-Chemie
MATERIALS,-Werke
MATERIALS,ASF
MATERIALS,ATIC
MATERIALS,AUF
MATERIALS,Almatec
MATERIALS,Aloform
MATERIALS,Aurubis
MATERIALS,BASF
MATERIALS,Besigheim
MATERIALS,Brenntag
MATERIALS,CKE
MATERIALS,Chemie
MATERIALS,Chiho
MATERIALS,Compo
MATERIALS,DAW
MATERIALS,DLAM
MATERIALS,DLINER
MATERIALS,Deufol
MATERIALS,ELG
MATERIALS,EMA
MATERIALS,ENGEL
MATERIALS,EQT
MATERIALS,ERRHEYDT
MATERIALS,EYDT
MATERIALS,Ebert
MATERIALS,Edelmann
MATERIALS,Empfingen
MATERIALS,Epodex
MATERIALS,Europcell
MATERIALS,FCO
MATERIALS,FERRHEYDT
MATERIALS,Fischbach
MATERIALS,Fixit
MATERIALS,Fromm
MATERIALS,GEL
MATERIALS,GGROU
MATERIALS,GROU
MATERIALS,Germany
MATERIALS,Gernsbach
MATERIALS,HDO
MATERIALS,HEYDT
MATERIALS,HIMM
MATERIALS,Heraeus
MATERIALS,IFCO
MATERIALS,IMET
MATERIALS,IMM
MATERIALS,INER
MATERIALS,ISOLA
MATERIALS,KHS
MATERIALS,KME
MATERIALS,KNAUF
MATERIALS,LAM
MATERIALS,LINER
MATERIALS,Lanxess
MATERIALS,Linde
MATERIALS,MET
MATERIALS,MGGROU
MATERIALS,Mansfeld
MATERIALS,Melamines
MATERIALS,Messer
MATERIALS,NAUF
MATERIALS,NDLINER
MATERIALS,NEQT
MATERIALS,NER
MATERIALS,NGEL
MATERIALS,NORDLAM
MATERIALS,NOVATIC
MATERIALS,Neuss
MATERIALS,Nusser
MATERIALS,OCKE
MATERIALS,OLA
MATERIALS,OQEMA
MATERIALS,ORDLAM
MATERIALS,OUNDLINER
MATERIALS,OVATIC
MATERIALS,Opus
MATERIALS,PCC
MATERIALS,Paccor
MATERIALS,Paraform
MATERIALS,Planatol
MATERIALS,Plastic
MATERIALS,Polifilm
MATERIALS,QEMA
MATERIALS,RDLAM
MATERIALS,RHEYDT
MATERIALS,RIMET
MATERIALS,ROU
MATERIALS,RRHEYDT
MATERIALS,Rather
MATERIALS,Renolit
MATERIALS,SOLA
MATERIALS,STS
MATERIALS,SYNEQT
MATERIALS,Saarstahl
MATERIALS,Schulte
MATERIALS,Serafin
MATERIALS,Sigmaroc
MATERIALS,Speed
MATERIALS,Speira
MATERIALS,Strobel
MATERIALS,Strähle
MATERIALS,Südpack
MATERIALS,THIMM
MATERIALS,TIC
MATERIALS,TRIMET
MATERIALS,TSR
MATERIALS,Thoeni
MATERIALS,Trimet
MATERIALS,Tubex
MATERIALS,UNDLINER
MATERIALS,VATIC
MATERIALS,VDM
MATERIALS,VOCKE
MATERIALS,Werhahn
MATERIALS,Werke
MATERIALS,Wieland
MATERIALS,YDT
MATERIALS,YNEQT
MATERIALS,aarstahl
MATERIALS,accor
MATERIALS,ach
MATERIALS,ack
MATERIALS,adapa
MATERIALS,aeus
MATERIALS,afin
MATERIALS,aform
MATERIALS,aft
MATERIALS,ahl
MATERIALS,ahn
MATERIALS,alchemie
MATERIALS,alzgitter
MATERIALS,amines
MATERIALS,anatol
MATERIALS,and
MATERIALS,and-Werke
MATERIALS,ann
MATERIALS,annesmann
MATERIALS,ansfeld
MATERIALS,anxess
MATERIALS,any
MATERIALS,apa
MATERIALS,aprint
MATERIALS,araform
MATERIALS,aroc
MATERIALS,arstahl
MATERIALS,astic
MATERIALS,atec
MATERIALS,ather
MATERIALS,ational
MATERIALS,atol
MATERIALS,ators
MATERIALS,bach
MATERIALS,bel
MATERIALS,bergroup
MATERIALS,bert
MATERIALS,bex
MATERIALS,bis
MATERIALS,ccor
MATERIALS,cell
MATERIALS,chaft
MATERIALS,chbach
MATERIALS,chemie
MATERIALS,chland
MATERIALS,chulte
MATERIALS,chüttflix
MATERIALS,cor
MATERIALS,d-Werke
MATERIALS,dapa
MATERIALS,delmann
MATERIALS,derer
MATERIALS,derungen
MATERIALS,dex
MATERIALS,dpack
MATERIALS,eed
MATERIALS,eiderer
MATERIALS,eifeler
MATERIALS,eim
MATERIALS,eira
MATERIALS,elamines
MATERIALS,eland
MATERIALS,eld
MATERIALS,eler
MATERIALS,ell
MATERIALS,ellschaft
MATERIALS,elmann
MATERIALS,emie
MATERIALS,eni
MATERIALS,enkrupp
MATERIALS,enntag
MATERIALS,enolit
MATERIALS,er-Chemie
MATERIALS,er-Werke
MATERIALS,eraeus
MATERIALS,erafin
MATERIALS,erer
MATERIALS,erfeld
MATERIALS,ergroup
MATERIALS,erhahn
MATERIALS,erk
MATERIALS,erke
MATERIALS,ermany
MATERIALS,ernsbach
MATERIALS,ert
MATERIALS,erungen
MATERIALS,esigheim
MATERIALS,esmann
MATERIALS,ess
MATERIALS,esser
MATERIALS,esterfeld
MATERIALS,eufol
MATERIALS,eus
MATERIALS,euss
MATERIALS,feld
MATERIALS,feler
MATERIALS,film
MATERIALS,fin
MATERIALS,fingen
MATERIALS,fleiderer
MATERIALS,flix
MATERIALS,fol
MATERIALS,form
MATERIALS,gen
MATERIALS,gheim
MATERIALS,gitter
MATERIALS,gmaroc
MATERIALS,group
MATERIALS,gswerk
MATERIALS,haft
MATERIALS,hahn
MATERIALS,hbach
MATERIALS,heim
MATERIALS,hemie
MATERIALS,her
MATERIALS,hiho
MATERIALS,hland
MATERIALS,hle
MATERIALS,hoeni
MATERIALS,hulte
MATERIALS,hüttflix
MATERIALS,ialchemie
MATERIALS,iators
MATERIALS,iderer
MATERIALS,ieland
MATERIALS,ifeler
MATERIALS,ifilm
MATERIALS,igheim
MATERIALS,igmaroc
MATERIALS,iho
MATERIALS,ilm
MATERIALS,imet
MATERIALS,inde
MATERIALS,ines
MATERIALS,ingen
MATERIALS,int
MATERIALS,ional
MATERIALS,ira
MATERIALS,ischbach
MATERIALS,itiators
MATERIALS,itter
MATERIALS,ive
MATERIALS,ixit
MATERIALS,krupp
MATERIALS,lamines
MATERIALS,lanatol
MATERIALS,land
MATERIALS,lastic
MATERIALS,lchemie
MATERIALS,leiderer
MATERIALS,ler
MATERIALS,lifilm
MATERIALS,lit
MATERIALS,lix
MATERIALS,llschaft
MATERIALS,lmann
MATERIALS,lmatec
MATERIALS,loform
MATERIALS,lschaft
MATERIALS,lte
MATERIALS,lzgitter
MATERIALS,mann
MATERIALS,many
MATERIALS,maroc
MATERIALS,matec
MATERIALS,met
MATERIALS,mie
MATERIALS,mines
MATERIALS,motive
MATERIALS,mpfingen
MATERIALS,mpo
MATERIALS,nal
MATERIALS,national
MATERIALS,natol
MATERIALS,nd-Werke
MATERIALS,nde
MATERIALS,ner-Werke
MATERIALS,nes
MATERIALS,nesmann
MATERIALS,ngen
MATERIALS,ngswerk
MATERIALS,nitiators
MATERIALS,nkrupp
MATERIALS,nnesmann
MATERIALS,nntag
MATERIALS,nolit
MATERIALS,novaprint
MATERIALS,nsbach
MATERIALS,nsfeld
MATERIALS,ntag
MATERIALS,nxess
MATERIALS,obel
MATERIALS,odex
MATERIALS,oeni
MATERIALS,oform
MATERIALS,olifilm
MATERIALS,olit
MATERIALS,omm
MATERIALS,omotive
MATERIALS,ompo
MATERIALS,onal
MATERIALS,opcell
MATERIALS,orm
MATERIALS,ors
MATERIALS,otive
MATERIALS,oup
MATERIALS,ovaprint
MATERIALS,pack
MATERIALS,pcell
MATERIALS,peed
MATERIALS,peira
MATERIALS,pfingen
MATERIALS,podex
MATERIALS,print
MATERIALS,pus
MATERIALS,r-Chemie
MATERIALS,r-Werke
MATERIALS,raeus
MATERIALS,rafin
MATERIALS,raform
MATERIALS,rderungen
MATERIALS,renntag
MATERIALS,rer
MATERIALS,rfeld
MATERIALS,rgroup
MATERIALS,rhahn
MATERIALS,rimet
MATERIALS,rint
MATERIALS,rke
MATERIALS,rmany
MATERIALS,rnational
MATERIALS,rnsbach
MATERIALS,robel
MATERIALS,roc
MATERIALS,romm
MATERIALS,ropcell
MATERIALS,roup
MATERIALS,rstahl
MATERIALS,rubis
MATERIALS,rungen
MATERIALS,rupp
MATERIALS,rähle
MATERIALS,sbach
MATERIALS,schaft
MATERIALS,schbach
MATERIALS,schland
MATERIALS,senkrupp
MATERIALS,ser
MATERIALS,sfeld
MATERIALS,sigheim
MATERIALS,smann
MATERIALS,ssenkrupp
MATERIALS,sser
MATERIALS,stahl
MATERIALS,sterfeld
MATERIALS,stic
MATERIALS,swerk
MATERIALS,tag
MATERIALS,tahl
MATERIALS,tec
MATERIALS,ter
MATERIALS,terfeld
MATERIALS,tflix
MATERIALS,ther
MATERIALS,tiators
MATERIALS,tic
MATERIALS,tional
MATERIALS,tive
MATERIALS,tol
MATERIALS,tomotive
MATERIALS,tors
MATERIALS,trobel
MATERIALS,trähle
MATERIALS,tschland
MATERIALS,tter
MATERIALS,ttflix
MATERIALS,tungswerk
MATERIALS,ubergroup
MATERIALS,ubex
MATERIALS,ubis
MATERIALS,ufol
MATERIALS,ulte
MATERIALS,ungen
MATERIALS,ungswerk
MATERIALS,upp
MATERIALS,uropcell
MATERIALS,urubis
MATERIALS,uss
MATERIALS,usser
MATERIALS,utomotive
MATERIALS,utschland
MATERIALS,vaprint
MATERIALS,werk
MATERIALS,xess
MATERIALS,xit
MATERIALS,zgitter
MATERIALS,ähle
MATERIALS,üdpack
MATERIALS,üttflix
NOT RELEVANT,+HUMMEL
NOT RELEVANT,-Brot
NOT RELEVANT,-Chemie
NOT RELEVANT,-Danfoss
NOT RELEVANT,-Karton
NOT RELEVANT,-stores
NOT RELEVANT,.J.Riegel
NOT RELEVANT,.Riegel
NOT RELEVANT,120
NOT RELEVANT,122
NOT RELEVANT,4120
NOT RELEVANT,662
NOT RELEVANT,6662
NOT RELEVANT,8122
NOT RELEVANT,AHLERS
NOT RELEVANT,ALCO
NOT RELEVANT,AMMER
NOT RELEVANT,ANN
NOT RELEVANT,ANY_OTHER
NOT RELEVANT,ART
NOT RELEVANT,AST
NOT RELEVANT,ATTER
NOT RELEVANT,AWECO
NOT RELEVANT,Brot
NOT RELEVANT,CERA
NOT RELEVANT,Chemie
NOT RELEVANT,DHAMMER
NOT RELEVANT,Danfoss
NOT RELEVANT,ECO
NOT RELEVANT,EDHAMMER
NOT RELEVANT,EGLER
NOT RELEVANT,EISSMANN
NOT RELEVANT,ERA
NOT RELEVANT,ERS
NOT RELEVANT,EUROPART
NOT RELEVANT,EXPLAST
NOT RELEVANT,Eckes
NOT RELEVANT,Eisai
NOT RELEVANT,FS-Karton
NOT RELEVANT,Franke
NOT RELEVANT,GLER
NOT RELEVANT,HAMMER
NOT RELEVANT,HER
NOT RELEVANT,HLERS
NOT RELEVANT,HUMMEL
NOT RELEVANT,Holding
NOT RELEVANT,Huber
NOT RELEVANT,IEDHAMMER
NOT RELEVANT,IEGLER
NOT RELEVANT,IMONDA
NOT RELEVANT,ISSMANN
NOT RELEVANT,J.Riegel
NOT RELEVANT,Jahncke
NOT RELEVANT,KYOCERA
NOT RELEVANT,Karstadt
NOT RELEVANT,Karton
NOT RELEVANT,Kühn
NOT RELEVANT,LAST
NOT RELEVANT,LCO
NOT RELEVANT,LER
NOT RELEVANT,LERS
NOT RELEVANT,Lindner
NOT RELEVANT,MANN
NOT RELEVANT,MEL
NOT RELEVANT,MER
NOT RELEVANT,MMEL
NOT RELEVANT,MMER
NOT RELEVANT,MONDA
NOT RELEVANT,Merz
NOT RELEVANT,Meva
NOT RELEVANT,N+HUMMEL
NOT RELEVANT,NDA
NOT RELEVANT,NN+HUMMEL
NOT RELEVANT,NY_OTHER
NOT RELEVANT,OCERA
NOT RELEVANT,ONDA
NOT RELEVANT,OPART
NOT RELEVANT,OTHER
NOT RELEVANT,PALCO
NOT RELEVANT,PART
NOT RELEVANT,PLAST
NOT RELEVANT,Pema
NOT RELEVANT,QIMONDA
NOT RELEVANT,ROPART
NOT RELEVANT,Riegel
NOT RELEVANT,Rossmann
NOT RELEVANT,S-Karton
NOT RELEVANT,SIV
NOT RELEVANT,SMANN
NOT RELEVANT,SSMANN
NOT RELEVANT,Schieder
NOT RELEVANT,Stiesing
NOT RELEVANT,TER
NOT RELEVANT,TEXPLAST
NOT RELEVANT,THER
NOT RELEVANT,TTER
NOT RELEVANT,UMMEL
NOT RELEVANT,UROPART
NOT RELEVANT,VATTER
NOT RELEVANT,WECO
NOT RELEVANT,X4120
NOT RELEVANT,X6662
NOT RELEVANT,X8122
NOT RELEVANT,XPLAST
NOT RELEVANT,XX4120
NOT RELEVANT,XX6662
NOT RELEVANT,XX8122
NOT RELEVANT,XXX
NOT RELEVANT,XXX4120
NOT RELEVANT,XXX6662
NOT RELEVANT,XXX8122
NOT RELEVANT,XXXX
NOT RELEVANT,XXXX4120
NOT RELEVANT,XXXX6662
NOT RELEVANT,XXXX8122
NOT RELEVANT,XXXXX
NOT RELEVANT,XXXXX4120
NOT RELEVANT,XXXXX6662
NOT RELEVANT,XXXXX8122
NOT RELEVANT,XXXXXX
NOT RELEVANT,XXXXXXX
NOT RELEVANT,XXXXXXXX
NOT RELEVANT,XXXXXXXXX
NOT RELEVANT,YOCERA
NOT RELEVANT,Y_OTHER
NOT RELEVANT,ZIEGLER
NOT RELEVANT,_OTHER
NOT RELEVANT,adt
NOT RELEVANT,ahncke
NOT RELEVANT,anfoss
NOT RELEVANT,anke
NOT RELEVANT,ann
NOT RELEVANT,arstadt
NOT RELEVANT,artner
NOT RELEVANT,arton
NOT RELEVANT,avista
NOT RELEVANT,ber
NOT RELEVANT,chieder
NOT RELEVANT,cke
NOT RELEVANT,cker
NOT RELEVANT,ckerhoff
NOT RELEVANT,ckes
NOT RELEVANT,d-Chemie
NOT RELEVANT,der
NOT RELEVANT,ding
NOT RELEVANT,dner
NOT RELEVANT,dzucker
NOT RELEVANT,eder
NOT RELEVANT,egel
NOT RELEVANT,eisch
NOT RELEVANT,eltavista
NOT RELEVANT,ema
NOT RELEVANT,emie
NOT RELEVANT,er-Brot
NOT RELEVANT,erhoff
NOT RELEVANT,erz
NOT RELEVANT,esing
NOT RELEVANT,etpartner
NOT RELEVANT,eva
NOT RELEVANT,fleisch
NOT RELEVANT,foss
NOT RELEVANT,ftung
NOT RELEVANT,gel
NOT RELEVANT,go-stores
NOT RELEVANT,hemie
NOT RELEVANT,hieder
NOT RELEVANT,hncke
NOT RELEVANT,hoff
NOT RELEVANT,ieder
NOT RELEVANT,iegel
NOT RELEVANT,iesing
NOT RELEVANT,iftung
NOT RELEVANT,indner
NOT RELEVANT,ing
NOT RELEVANT,isai
NOT RELEVANT,isch
NOT RELEVANT,ista
NOT RELEVANT,ker
NOT RELEVANT,kerhoff
NOT RELEVANT,kes
NOT RELEVANT,lding
NOT RELEVANT,leisch
NOT RELEVANT,ler-Brot
NOT RELEVANT,ller-Brot
NOT RELEVANT,ltavista
NOT RELEVANT,mann
NOT RELEVANT,mie
NOT RELEVANT,ncke
NOT RELEVANT,ndner
NOT RELEVANT,ner
NOT RELEVANT,nfoss
NOT RELEVANT,nke
NOT RELEVANT,o-stores
NOT RELEVANT,off
NOT RELEVANT,olding
NOT RELEVANT,ordzucker
NOT RELEVANT,ores
NOT RELEVANT,oss
NOT RELEVANT,ossmann
NOT RELEVANT,partner
NOT RELEVANT,r-Brot
NOT RELEVANT,r-Danfoss
NOT RELEVANT,ranke
NOT RELEVANT,rdzucker
NOT RELEVANT,res
NOT RELEVANT,rhoff
NOT RELEVANT,rot
NOT RELEVANT,rstadt
NOT RELEVANT,rstiftung
NOT RELEVANT,rtner
NOT RELEVANT,rton
NOT RELEVANT,sai
NOT RELEVANT,sch
NOT RELEVANT,sing
NOT RELEVANT,smann
NOT RELEVANT,ssmann
NOT RELEVANT,sta
NOT RELEVANT,stadt
NOT RELEVANT,stfleisch
NOT RELEVANT,stiftung
NOT RELEVANT,stores
NOT RELEVANT,tadt
NOT RELEVANT,tavista
NOT RELEVANT,tfleisch
NOT RELEVANT,tiesing
NOT RELEVANT,tiftung
NOT RELEVANT,tner
NOT RELEVANT,ton
NOT RELEVANT,tores
NOT RELEVANT,tpartner
NOT RELEVANT,tung
NOT RELEVANT,uber
NOT RELEVANT,ucker
NOT RELEVANT,ung
NOT RELEVANT,vista
NOT RELEVANT,yckerhoff
NOT RELEVANT,zucker
NOT RELEVANT,üd-Chemie
NOT RELEVANT,ühn
REAL ESTATE,APCOA
REAL ESTATE,ARBE
REAL ESTATE,ATRIZIA
REAL ESTATE,Aachen
REAL ESTATE,Alstria
REAL ESTATE,Aurelis
REAL ESTATE,BAG
REAL ESTATE,COA
REAL ESTATE,Carestone
REAL ESTATE,EWOBAG
REAL ESTATE,Eyemaxx
REAL ESTATE,GARBE
REAL ESTATE,GEWOBAG
REAL ESTATE,Heilbronn
REAL ESTATE,Home
REAL ESTATE,IZIA
REAL ESTATE,Mainz
REAL ESTATE,Nürnberg
REAL ESTATE,OBAG
REAL ESTATE,PATRIZIA
REAL ESTATE,PCOA
REAL ESTATE,Patrizia
REAL ESTATE,RBE
REAL ESTATE,RIZIA
REAL ESTATE,TRIZIA
REAL ESTATE,Ulm
REAL ESTATE,Vonovia
REAL ESTATE,WOBAG
REAL ESTATE,Würzburg
REAL ESTATE,ZIA
REAL ESTATE,Zech
REAL ESTATE,achen
REAL ESTATE,ainz
REAL ESTATE,anetHome
REAL ESTATE,arestone
REAL ESTATE,art
REAL ESTATE,atrizia
REAL ESTATE,axx
REAL ESTATE,berg
REAL ESTATE,bronn
REAL ESTATE,burg
REAL ESTATE,chen
REAL ESTATE,delberg
REAL ESTATE,dtown
REAL ESTATE,ech
REAL ESTATE,eidelberg
REAL ESTATE,eilbronn
REAL ESTATE,elberg
REAL ESTATE,elis
REAL ESTATE,emaxx
REAL ESTATE,erg
REAL ESTATE,estone
REAL ESTATE,etHome
REAL ESTATE,formart
REAL ESTATE,hen
REAL ESTATE,idelberg
REAL ESTATE,ilbronn
REAL ESTATE,inz
REAL ESTATE,izia
REAL ESTATE,lanetHome
REAL ESTATE,lberg
REAL ESTATE,lbronn
REAL ESTATE,lis
REAL ESTATE,lstria
REAL ESTATE,mart
REAL ESTATE,maxx
REAL ESTATE,nberg
REAL ESTATE,ndtown
REAL ESTATE,netHome
REAL ESTATE,novia
REAL ESTATE,ome
REAL ESTATE,one
REAL ESTATE,onn
REAL ESTATE,onovia
REAL ESTATE,ormart
REAL ESTATE,oundtown
REAL ESTATE,ovia
REAL ESTATE,own
REAL ESTATE,relis
REAL ESTATE,restone
REAL ESTATE,ria
REAL ESTATE,rizia
REAL ESTATE,rmart
REAL ESTATE,rnberg
REAL ESTATE,ronn
REAL ESTATE,roundtown
REAL ESTATE,rzburg
REAL ESTATE,stone
REAL ESTATE,stria
REAL ESTATE,tHome
REAL ESTATE,tone
REAL ESTATE,town
REAL ESTATE,tria
REAL ESTATE,trizia
REAL ESTATE,undtown
REAL ESTATE,urelis
REAL ESTATE,urg
REAL ESTATE,via
REAL ESTATE,yemaxx
REAL ESTATE,zburg
REAL ESTATE,zia
REAL ESTATE,ürnberg
REAL ESTATE,ürzburg
UTILITIES,.ON
UTILITIES,/KSBG
UTILITIES,ADA
UTILITIES,AG/KSBG
UTILITIES,ASAG
UTILITIES,Amprion
UTILITIES,DVV
UTILITIES,E.ON
UTILITIES,EAG
UTILITIES,EAG/KSBG
UTILITIES,EGA
UTILITIES,ENTEGA
UTILITIES,ENTRIX
UTILITIES,ETEC
UTILITIES,EZPADA
UTILITIES,Encavis
UTILITIES,Eurogrid
UTILITIES,G/KSBG
UTILITIES,GASAG
UTILITIES,GETEC
UTILITIES,KSBG
UTILITIES,LVV
UTILITIES,NTEGA
UTILITIES,NTRIX
UTILITIES,PADA
UTILITIES,RIX
UTILITIES,RWE
UTILITIES,Rethmann
UTILITIES,Rwe
UTILITIES,SAG
UTILITIES,SBG
UTILITIES,STEAG
UTILITIES,Steag
UTILITIES,TEAG
UTILITIES,TEAG/KSBG
UTILITIES,TEC
UTILITIES,TEGA
UTILITIES,TRIX
UTILITIES,VNG
UTILITIES,ZPADA
UTILITIES,ann
UTILITIES,avis
UTILITIES,cavis
UTILITIES,eag
UTILITIES,ethmann
UTILITIES,grid
UTILITIES,hmann
UTILITIES,ion
UTILITIES,mann
UTILITIES,mprion
UTILITIES,ncavis
UTILITIES,ogrid
UTILITIES,prion
UTILITIES,rid
UTILITIES,rion
UTILITIES,rogrid
UTILITIES,teag
UTILITIES,thmann
UTILITIES,urogrid
UTILITIES,vis
industry,ame
industry,name
