name,place_category,frequency
Aardla,basin,1
Aasa,populated place,2
Abissaare,populated place,1
Abro,island,1
Abruk,island,1
Abruka,island,2
Adavere,populated place,1
Adila Krimmi,populated place,1
Adila Tagaküla,populated place,1
Adiste,populated place,1
Adraku,populated place,1
Aeli,basin,1
Agasilla,populated place,1
Ageri,populated place,1
Ahelaid,island,1
Ahelo,stream,1
Aheru,basin,1
Ahitse,basin,1
Ahtama,populated place,1
Ahtama,stream,2
Ahtme,populated place,1
Aidu,populated place,1
Akhe,island,1
Akhekynnu,populated place,1
Akheru,basin,1
Akhi,basin,1
Akh’ya,stream,2
Akkilaid,island,1
Aksi,island,2
Ala,stream,1
Ala Järve,populated place,1
Ala Mära,populated place,1
Alajõgi,stream,1
Alakülääre,populated place,1
Alatskivi,stream,1
Alayye,populated place,1
Aleti,populated place,2
Alikma,populated place,1
Allakyula,populated place,1
Alliklepa,concave shoreline,1
Allipa,populated place,1
Allirakhu,elevation,1
Altia,populated place,1
Altja,populated place,1
Altja,stream,1
Ambla,stream,1
Amme,stream,2
Andineme,populated place,1
Andresemägi,elevation,1
Andrimäe,populated place,1
Anikaitse,elevation,1
Anne,populated place,2
Annikatsi,island,1
Annikvere,stream,1
Annküla,populated place,1
Apja,basin,1
Apja,populated place,1
Arangu,populated place,1
Araste,populated place,2
Arbavere,populated place,1
Ariste,concave shoreline,1
Arjadi,stream,1
Armise,basin,1
Arrokyulla,populated place,1
Arujõgi,stream,1
Aruküla,stream,1
Arumetsa,populated place,2
Arumyae,populated place,1
Astuvere,populated place,2
Asumaa,populated place,1
Atla,concave shoreline,1
Atla,stream,1
Atla Alt,populated place,1
Atse,stream,1
Attel’,concave shoreline,1
Au,populated place,1
Audru,stream,1
Aula,populated place,1
Avaste,elevation,1
Avi,stream,2
Avijõgi,stream,1
Avinurme,stream,1
Avispea,populated place,1
Avre,populated place,1
Aya,stream,1
Bukhto Sare,island,1
Dibi,populated place,1
Dirhami,concave shoreline,1
Dirhami,convex shoreline,2
Ebavere,elevation,1
Ebavere,populated place,1
Edivere,populated place,2
Eerikukivi,island,1
Eerikulaid,island,1
Ehne,stream,1
Eksi,island,1
Elbu,marsh,2
Ellama,marsh,1
Ellamaa,marsh,1
Ellivere,populated place,1
Elujärv,basin,1
Elva,stream,1
El’bikeze,populated place,1
Ema,stream,1
Emajogl,stream,1
Emajõe Suursoo,marsh,1
Emajõgi,stream,1
Emmajõgi,stream,1
Emmomäggi,elevation,1
Emumyagi,elevation,1
Emumäe Linnamägi,elevation,1
Emumägi,elevation,1
Endla,basin,2
Endla,marsh,1
Enge,stream,1
Enniksaare,populated place,1
Entse,populated place,1
Epra,populated place,1
Epu,marsh,2
Erastvere,basin,1
Erde,marsh,1
Ereda,stream,2
Erina,populated place,1
Erra Matka,populated place,2
Eru,concave shoreline,1
Esmyae,populated place,1
Esna,stream,2
Espre,populated place,1
Essaksoo,marsh,1
Galliray,elevation,1
Gauja,stream,1
Gelama Rakho,elevation,1
Gellama,elevation,1
Gellama,populated place,1
Gerö,island,1
Giuja,stream,1
Gräsör,island,1
Haagilõugas,concave shoreline,1
Haamse,populated place,1
Haanja Kõrgustik,elevated area,1
Haapsalu,concave shoreline,1
Haavakivi,populated place,1
Haavakivi,stream,1
Haidaku,populated place,1
Haili,populated place,1
Halajala,stream,1
Haldi,convex shoreline,1
Halinga,populated place,2
Halliste,stream,2
Hanikase,populated place,1
Hanikati,island,1
Hanikats,island,1
Hanikatsi,island,1
Hanikatsilaid,island,1
Hanni,populated place,1
Hannusemägi,elevation,1
Hapsalas Līcis,concave shoreline,1
Hara,island,2
Hara,marsh,1
Hari,strait,2
Harilaid,island,1
Harku,basin,1
Haru,concave shoreline,1
Hasi,island,1
Haversi,populated place,1
Hedemēste,populated place,1
Heilu,populated place,1
Heinlaid,island,2
Helama,elevation,1
Hellamaa,elevation,1
Helmut,populated place,1
Heltermaa,populated place,1
Hetlamaa,populated place,1
Hiidenmaa,island,1
Hiiesoo,marsh,1
Hiiessaare,convex shoreline,1
Hiiu,concave shoreline,1
Hiiu,island,1
Hiiumaa,island,1
Hilba,stream,2
Hindaste,basin,1
Hindi,populated place,1
Hingu,populated place,1
Hingu,stream,1
Hinnojärv,basin,1
Hino,basin,1
Hirmuse,stream,1
Hoboala,populated place,1
Hobulaiu,populated place,1
Holdreküla,populated place,1
Hollopi,populated place,1
Holm,populated place,1
Horuka,island,1
Hulgekari,convex shoreline,1
Humala,populated place,1
Huule,populated place,1
Huuluti,island,1
Hylkari,convex shoreline,1
Hämkoti,populated place,1
Härjapää,populated place,1
Häädemeeste,stream,1
Häärmani,populated place,1
Hõralaid,island,1
Höralaid,island,1
Hülgekari,convex shoreline,1
Hülkari,convex shoreline,2
Hürjaste,populated place,1
Hüüru,stream,1
Hīumā,island,1
Igavere Saunaküla,populated place,1
Ignase,populated place,2
Ihasalu,convex shoreline,3
Ihändü,populated place,1
Ikepera,stream,1
Ikhasalu,concave shoreline,1
Ikhasaluneyem,convex shoreline,1
Ila,populated place,1
Illevere,populated place,1
Illevere Tagaküla,populated place,1
Illurmaa,populated place,1
Ilmandu,stream,1
Ilmasoo,populated place,1
Imaru,populated place,1
Imatu,basin,1
Imsi,basin,1
Imukvere,stream,1
Ingliste,populated place,2
Ingliste,stream,1
Ingu,populated place,1
Innarahu,island,1
Ioandu,populated place,1
Irase,populated place,1
Irbe,strait,1
Iruste,populated place,1
Isakõnnu,populated place,1
Iska,populated place,1
Ismastu,populated place,1
Iyeve,populated place,1
Iykhve Oya,stream,1
Iymmso,marsh,1
Iyyesuu,concave shoreline,1
Iyzaku,populated place,1
Jaagupi,convex shoreline,1
Jaagupi,populated place,3
Jaska,stream,1
Jausa,concave shoreline,1
Jausa,stream,1
Jilaste,populated place,1
Joaveski,populated place,2
Johyl,populated place,1
Joonaküla,stream,1
Joora,populated place,1
Juminda,convex shoreline,2
Jumindaneem,convex shoreline,1
Jumindanina,convex shoreline,1
Jussi Suurjärv,basin,1
Jutapere,stream,1
Jägala,stream,2
Jämaja,populated place,1
Jämaja,stream,1
Jäneda,stream,1
Järgküla,populated place,1
Järise,populated place,2
Järlepa,basin,1
Järvaküla,populated place,1
Järvere,populated place,1
Järveselja,populated place,1
Järvesoo,marsh,1
Järvsaare,convex shoreline,1
Järwemetsa,basin,1
Jäätmaa,populated place,1
Jõelähtme,stream,1
Jõemäe,stream,1
Jõemõisa,basin,1
Jõesuu,concave shoreline,1
Jõgehara,populated place,2
Jõhve,stream,2
Jõku,stream,1
Jõuga,basin,1
Jüriksma,populated place,1
Kaanda,basin,1
Kaapsuu,populated place,1
Kaari,populated place,1
Kaarlijärve,populated place,1
Kaasikvälja,populated place,1
Kaatsi,populated place,1
Kaave,stream,2
Kaavi,convex shoreline,1
Kabala,populated place,2
Kaberla,stream,1
Kaberneem,convex shoreline,1
Kaberneyem,convex shoreline,1
Kablaküla,populated place,1
Kabliuku,populated place,1
Kably,populated place,1
Kadaka,island,1
Kadakalaid,island,1
Kadastiku,basin,1
Kadi,populated place,1
Kadja,basin,1
Kaerso,populated place,1
Kaersoo,populated place,1
Kaesso,populated place,1
Kaevats,island,1
Kaevatse,island,1
Kaevatsi,island,1
Kaevere,populated place,1
Kaguots,convex shoreline,1
Kahala,basin,1
Kahrila,basin,1
Kahtla,convex shoreline,1
Kaiamaa,populated place,1
Kailuka,populated place,1
Kaisma,basin,1
Kaistu Lõpp,concave shoreline,1
Kaiu,basin,1
Kakerdaja,marsh,1
Kakerdi,marsh,1
Kakhala,basin,1
Kakhru,basin,1
Kakhula,populated place,1
Kakomiag,concave shoreline,1
Kakomiag,convex shoreline,1
Kakra,island,3
Kakrarahu,elevation,1
Kakrasaar,island,1
Kakulaane,populated place,1
Kakumatala,underwater elevation,1
Kakumeye,concave shoreline,1
Kakumyae,convex shoreline,2
Kakumäe,concave shoreline,1
Kakumäe,convex shoreline,2
Kakumäe,populated place,2
Kakör,island,1
Kalarahu,island,1
Kaleste,populated place,1
Kalevi,populated place,2
Kalita,stream,1
Kalja,stream,1
Kalju,populated place,1
Kallavere,populated place,1
Kallete,basin,1
Kamaru,island,2
Kanama,populated place,1
Kanape,populated place,1
Kanariku,populated place,2
Kandle,populated place,1
Kangistõ,populated place,1
Kangrussaare,populated place,1
Kanguste,populated place,1
Kanissaare,populated place,1
Kanso,populated place,1
Kapor Nemi,convex shoreline,1
Karaski,stream,1
Kareda,marsh,1
Kareda Väike,populated place,1
Kargaja,stream,2
Kargaya,stream,1
Karijärve,basin,1
Karilaid,convex shoreline,1
Kariste,basin,3
Karitsa,populated place,1
Karja,stream,2
Karjamaa,stream,2
Karjaste,stream,1
Karjatse,stream,1
Karjatse Meri,basin,1
Karksi,populated place,1
Karlos,convex shoreline,1
Karlya,populated place,1
Karu,basin,1
Karujärv,basin,1
Karula,stream,2
Karula Pikkjärv,basin,1
Karya,stream,1
Kasaare,concave shoreline,1
Kasari,island,1
Kasari,stream,1
Kasariy,stream,1
Kasearu,populated place,1
Kasekülä,populated place,2
Kaselaid,island,1
Kaselayd,island,1
Kasper Wiek,concave shoreline,1
Kaspervik,concave shoreline,1
Kassaar,island,1
Kassaare,island,1
Kassaari,concave shoreline,1
Kassar,concave shoreline,2
Kassar,island,1
Kassare,concave shoreline,3
Kassare,populated place,1
Kassari,concave shoreline,1
Kassari,island,3
Kasse,island,1
Kasselaid,island,1
Kassema,populated place,1
Kassinurme,stream,1
Kasti,concave shoreline,2
Kasti,populated place,3
Kastjärv,basin,1
Kastna,convex shoreline,1
Katel,concave shoreline,1
Kattel,concave shoreline,1
Kaude,populated place,1
Kauksi,stream,1
Kaukvere,stream,3
Kaunissaar,island,1
Kautla,marsh,1
Kavere,populated place,3
Kavilda,stream,1
Kaygepere,populated place,1
Kayzerve,populated place,1
Kebaya,island,1
Keerdi,populated place,1
Keeri,basin,1
Kegel,stream,1
Kehra,populated place,1
Kehra Linn,populated place,1
Kehtla,populated place,1
Keiba,concave shoreline,1
Keika Tagaküla,populated place,1
Keila,populated place,1
Keila,stream,1
Keina,populated place,1
Keinas,island,1
Keinaste,island,2
Kellafer,elevation,1
Kellamäe Mustjärv,basin,1
Kellavere,elevation,2
Kelnase,convex shoreline,1
Kerba,populated place,1
Kerema,populated place,2
Kerepäälse,populated place,1
Keressaare,marsh,1
Kerg,island,1
Kergema,populated place,1
Kergu,marsh,1
Keri,island,2
Keriselja,populated place,1
Kerju,island,1
Kerkau,populated place,1
Kerklayd,island,1
Kerksaar,island,1
Kerro,populated place,1
Kersalu,populated place,1
Keräandsu,populated place,1
Keso,marsh,1
Kesselaid,island,1
Kessemaa,island,1
Kessu,island,2
Kestla,marsh,1
Kestla Lao,populated place,1
Kesu,marsh,1
Keveri,island,1
Keverilaid,island,2
Keybu,concave shoreline,1
Keyla,stream,1
Keynastesaar,island,1
Keyzi,populated place,1
Khaan’ya,populated place,1
Khaapsalu,concave shoreline,1
Khalista,stream,1
Khallista,stream,1
Khara,concave shoreline,1
Khara,island,1
Khara,marsh,1
Khari,island,1
Khari,strait,1
Kharku,basin,2
Khaslava,populated place,1
Khelamaarakhu,elevation,1
Khelda,populated place,1
Kheralayd,island,1
Kheras,island,1
Khestkhol’mi,island,1
Kheyn,island,1
Khiiumaa,island,1
Khino,basin,1
Khiuma,island,1
Khobu,island,1
Khobulaid,island,1
Kholsta,populated place,1
Kholstre,populated place,1
Khullo,concave shoreline,1
Khummuli,populated place,1
Khunasvik,concave shoreline,1
Khundsvik,concave shoreline,1
Khundva,convex shoreline,1
Khurt’ya,populated place,1
Khyal’vati,populated place,1
Khyar’yapea,populated place,1
Khybesalu,populated place,1
Khyulchekari,convex shoreline,1
Kibbalaid,island,1
Kibena,populated place,1
Kibuna,populated place,1
Kidize,populated place,1
Kieikond,concave shoreline,1
Kihelkonna,concave shoreline,1
Kihmjäv,basin,1
Kihnu,island,3
Kiidemaa,populated place,1
Kiimariigi,populated place,1
Kiipsaare,convex shoreline,1
Kikepera,marsh,2
Kikerpera,marsh,1
Kikhel’konna,concave shoreline,1
Kikhnu,island,2
Kikhnuveyn,strait,1
Kilikond,concave shoreline,1
Kilingi,stream,1
Kiljatu,basin,1
Kil’kond,populated place,1
Kindsi,populated place,1
Kinksi,populated place,1
Kino,island,1
Kinu,island,1
Kirge,marsh,1
Kiriku,basin,1
Kiriku,populated place,8
Kirikumäe,basin,1
Kirikunina,convex shoreline,2
Kirikunukk,convex shoreline,1
Kirila,populated place,1
Kirivere,populated place,2
Kirjurahu,island,1
Kirka Varbla,populated place,1
Kirumaa,populated place,1
Kiruvere,basin,1
Kitse,populated place,5
Kitselayd,island,1
Kiubasaar,convex shoreline,1
Kiudu,concave shoreline,1
Kiuma,populated place,1
Kiva,populated place,1
Kiviloo,populated place,1
Kivisare,populated place,1
Kleemo,populated place,1
Klima,populated place,1
Klooga,basin,1
Kloostri,populated place,2
Kloostri,stream,1
Kloostrimetsa,populated place,1
Klostri,populated place,1
Kobo,island,2
Kodasoo,populated place,1
Kodila,stream,1
Kogri,populated place,3
Kohtla,stream,1
Kohtrujõgi,stream,1
Koibesaar,island,1
Koibsesaar,island,1
Koidu Ellavere,populated place,1
Koiduvälja,populated place,1
Koikse,populated place,1
Koipse,island,1
Koipsesaar,island,1
Koipsi,island,1
Koiva,stream,2
Kokhtla,stream,1
Koki Kher,island,1
Kokokyar,island,1
Koksher,island,1
Kokskär,island,1
Kokskäri,island,1
Kokumeye,concave shoreline,1
Kokõ,populated place,1
Kolga,concave shoreline,2
Kolgas Līcis,concave shoreline,1
Kolgu,populated place,1
Koljala,stream,1
Kolju,convex shoreline,1
Koljunukk,convex shoreline,1
Koljuots,convex shoreline,1
Kolkja Väike,populated place,1
Kolko,concave shoreline,1
Kolnase,convex shoreline,1
Komsi,populated place,1
Kongla,stream,1
Konna,populated place,3
Konnaküla,populated place,1
Konnaveski,stream,1
Konnu,populated place,1
Konofer,stream,1
Konokerv,populated place,1
Konsu,stream,1
Kontso,basin,1
Kontsu,basin,1
Konukyrve,populated place,1
Koobassaare,basin,1
Koolme,populated place,1
Kooraste,populated place,1
Koosa,stream,1
Kootsaare,convex shoreline,2
Kootsaareneem,convex shoreline,1
Kootsaarenina,convex shoreline,1
Kootsjärv,basin,1
Koottsaarenina,convex shoreline,1
Kopli,concave shoreline,3
Kopli,convex shoreline,2
Kopliküla,populated place,1
Korba,populated place,1
Kori,basin,1
Koru,basin,1
Kor’yuse,populated place,1
Kosa,stream,1
Kose,populated place,7
Kosenymme,populated place,1
Kotkanina,convex shoreline,1
Kotko,marsh,1
Kotsaare,convex shoreline,1
Kottser,convex shoreline,1
Kounda,concave shoreline,1
Koygi,basin,1
Koygu,populated place,2
Koykkyula,populated place,1
Koypsi,island,1
Koze,populated place,2
Kraavi,populated place,1
Krassi,island,2
Kreenholmi,populated place,1
Krengol’m,populated place,1
Kresuli,island,1
Kriimi,island,1
Krimmilaid,island,1
Krimmilayd,island,1
Kriymi,island,1
Kruntküla,populated place,1
Kruusoja,stream,1
Krya Suli,island,1
Kryasuli,island,1
Kryazuli,island,1
Kräsul,island,1
Kräsuli,island,2
Kubjagi,convex shoreline,1
Kudevee,populated place,1
Kudruküla,populated place,2
Kudu,populated place,1
Kugalepa,concave shoreline,1
Kuie Mõisaküla,populated place,1
Kuijõemõisa,populated place,1
Kuiva,stream,1
Kuivajõgi,stream,1
Kuivarahu,elevation,1
Kuivasääre,convex shoreline,1
Kuiwaste,populated place,1
Kukarahu,island,1
Kukhu,populated place,1
Kukka,island,1
Kukka,populated place,1
Kuklasõ,populated place,1
Kukulinna,populated place,1
Kulialiaid,island,1
Kulli,populated place,9
Kullya,island,1
Kulpna,populated place,1
Kumaralaid,island,1
Kumari,island,2
Kumaru,island,1
Kumarulayd,island,1
Kumbli,island,2
Kumora,island,1
Kunda,concave shoreline,1
Kunda,stream,2
Kundra,populated place,1
Kundrussaare,populated place,1
Kung,basin,1
Kungjärve,basin,1
Kuradimuna,underwater elevation,1
Kuradissar,island,1
Kuralaid,island,1
Kuralayd,island,1
Kurdla,populated place,1
Kure,marsh,2
Kurefer,populated place,1
Kurelaane,populated place,1
Kuremäe Klooster,populated place,1
Kurena,populated place,2
Kuresoo,marsh,2
Kuressaare,concave shoreline,3
Kuressaare Reid,concave shoreline,1
Kuressaare Sadam,concave shoreline,1
Kurgwere,populated place,1
Kurkse,strait,1
Kurtna,basin,2
Kurtna,populated place,3
Kurukase,populated place,1
Kuruski,populated place,1
Kusal,populated place,1
Kuski,populated place,1
Kusnymme,concave shoreline,1
Kusnymme,populated place,1
Kustja,populated place,1
Kuuni,basin,1
Kuuraste Suurjärv,basin,1
Kuuselaid,island,1
Kuusiku,stream,1
Kuusnymme,concave shoreline,1
Kuusnõmme,concave shoreline,1
Kuuste,populated place,1
Kuutsemägi,elevation,1
Kuyva Sere,island,1
Kuze,island,1
Kuziku,populated place,1
Kyanda,populated place,1
Kyargula,populated place,1
Kyarivere,populated place,1
Kyarksi,populated place,2
Kyarstna,populated place,1
Kyaru,stream,1
Kyar’ye,marsh,1
Kyasmu,concave shoreline,2
Kyno,island,1
Kyrge,island,1
Kyrge,marsh,1
Kyubassare,convex shoreline,1
Kyudema,concave shoreline,2
Kyulyalayd,island,1
Kyuno,island,1
Kyunë,island,1
Kyvaiyalayd,island,1
Kyverlayd,island,2
Kyyguste,concave shoreline,1
Kyyma,marsh,1
Kyyma,populated place,1
Kyynastulayd,island,1
Käbi,populated place,1
Käidre,populated place,1
Käina,concave shoreline,1
Käina,populated place,1
Käkimaa,island,1
Kändliku,populated place,2
Kändmarahu,island,1
Kärkse,populated place,1
Kärnä,populated place,2
Kärpla,populated place,1
Käru,stream,1
Käsmu,basin,1
Käsmu,concave shoreline,1
Käsmu,convex shoreline,1
Käänu,populated place,1
Käära,populated place,1
Käärikmäe,populated place,1
Kõima,marsh,1
Kõinastu,island,2
Kõlbi,populated place,1
Kõnnu,basin,1
Kõnnu,marsh,1
Kõnnu,populated place,11
Kõrbse,populated place,1
Kõrevere,populated place,1
Kõrgelaid,island,1
Kõrgu,populated place,1
Kõriska,populated place,1
Kõrksaare,island,1
Kõrsa,marsh,1
Kõvajalaid,island,1
Kõvera,basin,1
Kõverlaid,island,2
Köisi,marsh,1
Köstrimäe,populated place,1
Köstrimägi,elevation,1
Kübassaar,convex shoreline,1
Kübassaare,convex shoreline,1
Küdema,concave shoreline,1
Kühnö,island,1
Külalaid,island,1
Külaoru,populated place,1
Külge,stream,2
Künnapõhja,populated place,1
Kütimetsa,populated place,1
Kütke,populated place,1
Laagitse Kuldi,populated place,1
Laanemaa,basin,1
Laasirahu,island,1
Labassaare,populated place,1
Laekannu,populated place,1
Laeste,populated place,1
Laevaküla,populated place,1
Lagesoo,marsh,1
Lagina,stream,1
Lagisoo,marsh,1
Lagitse,populated place,1
Lahe,basin,1
Lahepere,concave shoreline,1
Lahepää,concave shoreline,1
Lahetaguse,populated place,2
Laidu,island,2
Laidunina,convex shoreline,2
Laiksaare,stream,1
Lairahu,underwater elevation,1
Lairahu Rocks,underwater elevation,1
Lakevaynu,populated place,1
Lakhepere,concave shoreline,1
Lakheva,populated place,1
Lakhpera,basin,1
Lakhusalu,underwater elevation,1
Lamboja,stream,1
Langekare,elevation,1
Langerma,populated place,1
Laoba,convex shoreline,1
Larvi,basin,1
Lasma,marsh,1
Lassma,marsh,1
Lauge,marsh,1
Lauka,marsh,1
Laukasoo,marsh,1
Laukna,populated place,1
Lauküla,populated place,1
Laupa,populated place,1
Lauri,populated place,6
Laydu,convex shoreline,1
Laykkyula,populated place,1
Lebavere,populated place,2
Lechtma,convex shoreline,1
Ledipaa,convex shoreline,1
Leeltse,convex shoreline,1
Leenardi,elevation,1
Leesi,populated place,2
Leetse,convex shoreline,1
Leevatijärv,basin,1
Leevijõeülajärv,populated place,1
Legu,basin,1
Lehtma,convex shoreline,2
Lehtse,populated place,3
Leie,populated place,1
Leila,populated place,1
Leimandi,convex shoreline,2
Leimani,populated place,1
Leipste,populated place,1
Lekhetu,basin,1
Lekhtama,convex shoreline,1
Lekhtma,convex shoreline,2
Lelle,populated place,2
Lemaodi,convex shoreline,1
Lembevere,populated place,1
Lemm,stream,1
Lemme,stream,1
Lemmikuneem,convex shoreline,1
Lemmjõgi,stream,2
Lemsiküla,populated place,1
Leniste,populated place,1
Leo,marsh,2
Lepanina,convex shoreline,1
Leplku,populated place,1
Leppe,concave shoreline,1
Lepsilla,populated place,1
Letipea,convex shoreline,2
Leva,basin,1
Levala,populated place,3
Levve,populated place,1
Leye,populated place,1
Leymandi,convex shoreline,1
Leypsi,populated place,1
Ligeda,populated place,1
Liguri,populated place,1
Lihuveski,stream,1
Liia,island,1
Liialaid,island,1
Liiduvere,populated place,1
Liineküla,populated place,1
Liiva,elevation,1
Liivakandi,basin,1
Liivi,stream,2
Liivjärv,basin,1
Lilastvere,populated place,1
Lill,island,1
Lilla,island,1
Lillsund,strait,1
Limu,basin,1
Lindi,populated place,1
Lindjärv,basin,1
Lindu,basin,1
Linnaaluste,populated place,1
Linnulaht,basin,1
Linnuraba,marsh,1
Linnusita,island,3
Linnusitt,island,1
Linnutaja,stream,1
Linsi,stream,1
Lintsi,stream,2
Linuisit,island,1
Lippi,populated place,1
Lissi,populated place,1
Litsmetsa,populated place,1
Liuküla,populated place,1
Liusgemyae,populated place,1
Livländische Aa,stream,1
Liya,island,1
Liyvi,stream,1
Lobi,convex shoreline,1
Lobi,populated place,1
Lobineem,convex shoreline,1
Lobineyem,convex shoreline,1
Lode,convex shoreline,1
Lohhopäh,concave shoreline,1
Lohja,basin,1
Lohusalo,concave shoreline,1
Lohusalu,convex shoreline,4
Lohusalu Abajas,concave shoreline,1
Lohusu,populated place,1
Loigu,populated place,2
Lokhusalu,convex shoreline,3
Lokuta,stream,1
Lombi,island,1
Lombimaa,island,1
Lompka,populated place,1
Lona,island,1
Loo,stream,2
Loodenina,convex shoreline,1
Loodi,populated place,1
Loodna,stream,1
Loona,concave shoreline,1
Loonalaid,island,1
Loonalayd,island,1
Loosalu,basin,2
Lopi,convex shoreline,1
Lora,populated place,1
Lub’ya,populated place,1
Luguse,populated place,1
Luhametsa,populated place,1
Luhavahi,populated place,1
Luise,stream,1
Luiste,populated place,2
Lusare,marsh,1
Lutika,populated place,1
Lutsu,stream,2
Luua,populated place,3
Lyuganuse,populated place,1
Lyulakht,concave shoreline,1
Lyuna,island,1
Lyuna Ukht’yu,island,1
Lähkma,populated place,1
Lähkma,stream,1
Lähtru,populated place,1
Läpiküla,populated place,1
Läsna,stream,2
Läteteperä,stream,1
Lätioja,stream,1
Läägi,populated place,1
Lõbe,populated place,1
Lõbembe,populated place,1
Lõhmu,marsh,1
Lõhmuslaane,populated place,1
Lõilasmäe,basin,1
Lõimandi,convex shoreline,1
Lõimetsa,populated place,1
Lõopõllu,populated place,1
Lõpe,populated place,3
Lõpi,populated place,1
Lümanda,populated place,1
Lüüsi,populated place,2
Maalaht,basin,1
Maardu,basin,2
Maarjamõisa,populated place,1
Maasika,marsh,1
Madelaid,island,1
Madiküla,populated place,1
Madise,marsh,1
Magistraalkraav,stream,1
Maidemaa,populated place,1
Maimaraba,marsh,1
Mainilaid,island,1
Mali,island,1
Malin,island,1
Malosi Islets,island,1
Maltsa,populated place,1
Mammaste,populated place,1
Manija,island,2
Manilaid,island,1
Maniya,island,1
Manjasaar,island,1
Mannare,populated place,1
Marama,populated place,1
Mardihansu,concave shoreline,1
Marimetsa,marsh,2
Marimetsa,populated place,1
Maroti,populated place,1
Martna,stream,1
Maru,stream,1
Massu,stream,1
Matimäe,populated place,1
Matsalu,concave shoreline,1
Matzalyu,concave shoreline,1
Mayma,marsh,1
Mazika,marsh,1
Medla,populated place,1
Meelaiu,convex shoreline,1
Meelva,basin,1
Meelva,marsh,1
Meksi,populated place,1
Meldemäe,populated place,1
Merise,convex shoreline,2
Merisenuk,convex shoreline,1
Merja,stream,1
Merris,convex shoreline,2
Messe,basin,1
Mets Torila,populated place,1
Metsalaane,populated place,1
Metsapere,populated place,4
Metsaserva,populated place,1
Metsla Tagaküla,populated place,1
Mihkli,populated place,1
Mihkli Salumägi,elevation,1
Miiduranna,convex shoreline,1
Mindeneem,convex shoreline,1
Mindenem,convex shoreline,1
Misso,populated place,1
Miyla,populated place,1
Mohni,island,2
Mokhni,island,2
Moku,populated place,1
Mona,island,1
Monto,concave shoreline,1
Moon,island,1
Moora,stream,1
Mooritsa,populated place,1
Moosi,populated place,1
Moste,populated place,1
Motsaküla,populated place,1
Muhu,island,1
Muhu Väina,strait,1
Muhumaa,island,1
Mukhu,island,1
Mukhumaa,island,1
Mukhuveyn,strait,1
Mukre,marsh,2
Mukri,marsh,1
Mullavere,populated place,1
Mummussaare,populated place,1
Munalaskme,populated place,1
Munalaskme,stream,1
Munameģis,elevation,1
Munamyagi,elevation,2
Munamäji,elevation,1
Munamäki,elevation,1
Munga,concave shoreline,1
Muraja,convex shoreline,1
Muraka,marsh,1
Murastu,populated place,1
Muratse,concave shoreline,1
Muraya,populated place,1
Muruküla,populated place,1
Muryak,marsh,1
Musta,populated place,1
Mustajõgi,stream,1
Mustaladva,marsh,2
Mustarahu,elevation,1
Mustel,populated place,3
Mustjala,convex shoreline,1
Mustjärv,basin,2
Mustla,concave shoreline,1
Mustoja,stream,1
Mustve,stream,1
Mustvee,stream,1
Mustwee,stream,1
Mutsu,populated place,1
Myae Khanikase,populated place,1
Myagari,basin,1
Myakhe,populated place,1
Myalen,island,1
Myand”yala,populated place,1
Myassa,populated place,1
Mynde,island,1
Myra,stream,1
Myrdu,populated place,1
Myustel’,populated place,1
Mädasoo Kraav,stream,1
Mäepää,populated place,1
Mägara,stream,1
Mähkli,basin,1
Mähuste,basin,1
Mäkaste,populated place,1
Mäkiste,populated place,1
Mäla,populated place,1
Männikjärv,basin,1
Männiku,marsh,1
Männiku,stream,1
Männikuste,populated place,1
Märdi,basin,1
Märjamaa,populated place,1
Mäsa,basin,1
Mäuste,basin,1
Mäända,populated place,1
Määvli,marsh,1
Mõega,populated place,1
Mõisajärv,basin,1
Mõisanina,convex shoreline,1
Mõisavergisaar,convex shoreline,1
Mõisima,populated place,1
Mõksi,marsh,1
Mõksi,populated place,2
Mõndelaid,island,1
Mõraste,populated place,1
Mõrdama,marsh,1
Möldri,populated place,3
Möön,island,2
Mügra,populated place,1
Mētra,stream,1
Naage,populated place,1
Naartse,marsh,1
Naba,stream,1
Nabala,populated place,1
Nachmannsgrund,underwater elevation,1
Nadalam,populated place,1
Nadalamaa,populated place,1
Nais,island,1
Naisaaros,island,1
Naissaar,island,2
Naissar,island,1
Naistekivi,island,1
Naistevälja,populated place,2
Nakatu,populated place,1
Nakko,convex shoreline,1
Naravere,stream,1
Nargen,island,1
Nargen’,island,1
Nargö,island,1
Narva,concave shoreline,2
Narva,stream,1
Narva Iyesuu,populated place,1
Natturi,populated place,1
Navesti,stream,1
Nawast,stream,1
Nayssaar,island,1
Nayssar,island,1
Nemi,populated place,1
Neno,populated place,1
Neytla,populated place,1
Nezirabba Moor,marsh,1
Nigula,marsh,2
Nigula,populated place,3
Niguli,populated place,1
Niguri,populated place,1
Nihka,populated place,1
Nihkva,populated place,1
Ninalaid,island,1
Ninama,convex shoreline,1
Ninamaa,convex shoreline,4
Ninase,elevation,1
Ninaseneeme,elevation,1
Ninast,elevation,1
Ninaze,elevation,1
Ninnast,elevation,1
Ninost,elevation,1
Nitso,populated place,1
Niymiste,populated place,1
Noarotsi Paslepa,convex shoreline,1
Nodas,basin,1
Noodase,populated place,1
Noodasjärv,basin,1
Noogimaa,island,1
Nooni,convex shoreline,1
Nootamaa,island,1
Norbbyu,populated place,1
Norma,populated place,1
Nuckö,convex shoreline,1
Nukke,convex shoreline,2
Nurkse,populated place,1
Nurme,basin,1
Nurme,marsh,1
Nurmeniidi,convex shoreline,1
Nurtu,populated place,1
Nurtu,stream,1
Nymmkyla,populated place,1
Nymmkyula,populated place,4
Nõmmemaa,populated place,1
Nõmmeri,populated place,1
Nõrga,convex shoreline,1
Nõtke,populated place,1
Nõuni,basin,1
Nõva,populated place,3
Nömme,populated place,3
Oandu,stream,2
Oara,stream,1
Oberpahlen,stream,1
Obriku,populated place,1
Odakivi,convex shoreline,2
Ogandi,populated place,1
Ohtu,marsh,1
Oidrema,marsh,1
Ojaküla,stream,1
Ojaveski,populated place,1
Okhepalu,basin,1
Okhne,stream,1
Oleviste,populated place,1
Omedu,stream,2
Onga,stream,2
Ongassaare,stream,1
Ontika,populated place,1
Oonurme,populated place,2
Oosla,island,1
Oostriku,stream,2
Orajõe,populated place,2
Orava,basin,1
Orava,populated place,7
Orayegi,stream,1
Orayygi,stream,1
Orike,island,1
Oriku,populated place,1
Orinymme,populated place,1
Orjaku,populated place,1
Orkse,populated place,1
Ormsö,island,1
Orrissar,populated place,1
Ortumäe,populated place,1
Osmu,island,1
Osmusaar,island,1
Osmussaar,island,1
Osmussar,island,1
Otepya,populated place,1
Otepää Kõrgustik,elevated area,1
Oti,stream,1
Otiaru,populated place,1
Oxholm,island,1
Oyama,stream,1
Oyu,populated place,1
Paaderma,populated place,1
Paadrema,marsh,1
Paadremaa,populated place,1
Paala,stream,1
Paasvere,populated place,1
Paasvere Arud,populated place,1
Pada,stream,1
Padenurme,populated place,1
Padise,stream,1
Padla,basin,1
Padrema,stream,1
Paduvere,stream,1
Pae,island,1
Paekaldavartal,populated place,1
Paelaid,island,1
Paenase,populated place,1
Paganamaa,populated place,1
Pahila,marsh,1
Pahle,stream,1
Pajo,populated place,1
Pajusi,populated place,1
Pakase,basin,1
Paker,convex shoreline,1
Pakhapilli,populated place,1
Pakhila,marsh,1
Pakhuvere,populated place,1
Pakla,populated place,1
Pakras,island,1
Pakrisaar,island,1
Pakulaid,island,1
Pala,stream,1
Palanumäe,populated place,1
Paldiski,concave shoreline,1
Paldiski,convex shoreline,1
Paljandu,island,1
Paljassaar,convex shoreline,1
Paljassaare,concave shoreline,1
Paljassaare,convex shoreline,1
Palli,convex shoreline,1
Palmerr,convex shoreline,1
Palmse,populated place,1
Palukülä,populated place,2
Palupera,populated place,1
Palupõhja,populated place,1
Pal’diski,concave shoreline,1
Pal’yassaar,convex shoreline,1
Pal’yassaare,concave shoreline,1
Pamerr,convex shoreline,1
Pamerrort,convex shoreline,1
Pamma,populated place,1
Pammana,convex shoreline,1
Pammane,convex shoreline,1
Pammanina,convex shoreline,1
Pandiya,island,1
Pandju,island,1
Pand’yu,island,1
Panganukk,convex shoreline,1
Pangodi,basin,1
Paope,concave shoreline,1
Paope,stream,1
Papi,island,1
Papilaid,island,1
Papina,convex shoreline,2
Papiniidu,concave shoreline,1
Papisaar,convex shoreline,1
Papisaare,convex shoreline,1
Papon,concave shoreline,1
Parandu,populated place,1
Parasmetsa,populated place,1
Parika,basin,2
Parika,stream,1
Parissel’ya,populated place,1
Parker,convex shoreline,1
Parnu Bight,concave shoreline,1
Parrika,marsh,1
Partsaare,populated place,1
Partsare,populated place,1
Parve,populated place,1
Pasi,island,1
Pasilaid,island,1
Paslepa,concave shoreline,1
Pavasterort,convex shoreline,1
Paykyula,populated place,1
Peakraav,stream,1
Pedas,island,1
Pedasaar,island,1
Pedasaare,convex shoreline,1
Pedase,convex shoreline,1
Pedassaar,island,1
Pedassaare,convex shoreline,1
Peddasar,island,1
Pedde,stream,1
Pedele,stream,1
Pedja,stream,1
Pedla,marsh,1
Ped’ya,stream,1
Peedla,marsh,1
Peeri,populated place,1
Peetla,marsh,1
Peetri,stream,1
Peetrimõisa,populated place,3
Pehmejärv,basin,1
Peide,populated place,1
Pelda,stream,1
Pelguranna,populated place,1
Perajärve,populated place,3
Peraküla,stream,1
Perisar,island,1
Petasaar,convex shoreline,2
Petasaare,convex shoreline,1
Petasar,convex shoreline,1
Peto,island,1
Petruse,populated place,1
Pidula,concave shoreline,1
Piduli,stream,1
Pigel’gas,island,1
Pignorum,elevated area,2
Pihali,populated place,1
Pihelgalaid,island,1
Pihinurme,elevated area,1
Pihinurme Mäed,elevated area,1
Pihkwa Järw,basin,1
Pihla,convex shoreline,1
Pihla,marsh,1
Pihla,populated place,2
Pihla,stream,1
Pihlalaid,island,1
Pihtla,populated place,1
Pihuste,populated place,1
Piigandi,populated place,2
Piigaste,populated place,2
Piilsi,stream,1
Piiometsa,stream,1
Piirisaar,island,1
Piirissaar,island,1
Piiukaare,island,1
Pikane,basin,1
Pikanina,convex shoreline,1
Pikavere Surso,populated place,1
Pikhali,populated place,1
Pikhel’glayd,island,1
Pikhke,populated place,1
Pikk,convex shoreline,1
Pikkjärv,basin,4
Pikkrahu,convex shoreline,1
Pikla,convex shoreline,1
Pikste,populated place,1
Pilliots,convex shoreline,1
Pilpaküla,populated place,8
Pindi,populated place,1
Pinukse,convex shoreline,1
Piokaarelaid,island,1
Piouchadekarre,island,1
Pirissar,island,1
Pirissno,island,1
Pitkana,convex shoreline,1
Pitkanina,convex shoreline,1
Pitkasääre,island,1
Pitsalu,populated place,1
Piuza,stream,1
Piuzha,stream,1
Piyla,populated place,1
Piylsi,populated place,1
Pizhma,stream,1
Plaksi,populated place,1
Pleesi,island,1
Plika,populated place,1
Plusa,stream,1
Pohja,island,1
Pommeri,populated place,1
Pori,stream,1
Porijõgi,stream,1
Porka,island,1
Porkuni,basin,1
Pornuse,populated place,1
Poruni,stream,2
Possa,populated place,1
Potsu,populated place,1
Praakmani,populated place,1
Prandi,stream,1
Prandsumõtsa,populated place,1
Prangli,island,8
Prantsumetsa,populated place,1
Prassiots,convex shoreline,1
Prauglio,island,1
Preedi,populated place,1
Pretsviik,basin,1
Pucnorum,elevated area,1
Pudisoo,stream,1
Pugestu,populated place,1
Puhatu Soostik,marsh,1
Puhatusoo,marsh,1
Puhja,populated place,1
Puhtalaid,island,1
Puhtulaid,island,1
Puiatu,populated place,6
Puise,convex shoreline,1
Puise,populated place,1
Pukhkhatu,basin,1
Pukh’ya,populated place,1
Pukkoneme,convex shoreline,1
Pulgalaid,island,1
Pullevere,populated place,1
Pulli,elevation,1
Pullihino,populated place,1
Pullijärve,basin,1
Punamäe,basin,1
Punaoja,stream,1
Pungerja,stream,1
Punger’ya,stream,1
Puraküla,populated place,1
Purekkari,convex shoreline,1
Purikarineyem,convex shoreline,1
Purila Estyye,populated place,1
Purtse,stream,1
Purtse Uueküla,populated place,1
Pustuski,populated place,1
Putu,populated place,1
Pyadaka,populated place,1
Pyarnu,stream,2
Pyasula,stream,1
Pyaydre,basin,1
Pykhya,island,1
Pyl’tsama Yyegi,stream,1
Pyriki,populated place,1
Pysaspea,convex shoreline,1
Pyukha,basin,1
Pyukhadekare,island,1
Pyysapee,convex shoreline,1
Pyytsi,populated place,1
Pyzzapyaya,populated place,1
Pähksaar,island,1
Pähküla,populated place,1
Pähni,stream,1
Päide,stream,1
Päigiste,populated place,1
Pältri,populated place,1
Pärdi,convex shoreline,1
Pärispea,convex shoreline,1
Pärnu,concave shoreline,1
Pärnu,stream,1
Pärtli,populated place,1
Päsulajõgi,stream,1
Päärdu,populated place,1
Päärdu,stream,1
Pääsküla,populated place,1
Päästala,populated place,1
Põdruse,populated place,1
Põima,populated place,1
Põldma,populated place,1
Põlendiku,populated place,1
Põltsamaa,stream,2
Põõna,populated place,1
Põõsapää,convex shoreline,2
Põõsaspea,convex shoreline,2
Pöiatu,populated place,1
Pöögle,stream,2
Pöörilaid,island,1
Pööriotsa,island,1
Pühadekare,island,1
Pühajõgi,stream,3
Püssina,convex shoreline,1
Püssinina,convex shoreline,1
Raadama,populated place,1
Raamatu,stream,1
Rabasaare,populated place,2
Rabivere Suurküla,populated place,1
Rae,marsh,1
Ragusta,populated place,1
Rahingi,populated place,1
Rahkema,populated place,2
Rahkjärv,basin,1
Rahniku,populated place,1
Raja Metsaküla,populated place,1
Raka,stream,1
Rakitse,populated place,1
Ramata,stream,1
Rammosaar,island,1
Rammu,island,1
Rammusaar,island,2
Rammusaarelaht,concave shoreline,1
Rammö,island,1
Ramo,concave shoreline,1
Ramo,island,1
Ramosarskaya,concave shoreline,1
Rampsilaid,island,1
Ramsi,convex shoreline,2
Rannametsa,stream,1
Rannamyyza,populated place,1
Rannamõisa,stream,1
Rannapungerja,stream,1
Rassiku,populated place,1
Rastla,populated place,1
Ratva,marsh,2
Ratva,stream,2
Raudna,stream,2
Raugu,populated place,1
Ravila,populated place,1
Rebasmäe,stream,1
Regisaare,populated place,1
Regissaare,populated place,1
Reheselja,populated place,1
Reio,stream,1
Reiu,stream,2
Remniku,stream,1
Reo,populated place,1
Reola,marsh,1
Reolasoo,populated place,1
Reopalu,stream,1
Retla,stream,1
Reyu,stream,1
Ridalepa,populated place,1
Ridalepa,stream,1
Riguldi,stream,1
Rihula,stream,1
Riidaku,populated place,1
Riisaküla,populated place,1
Riisipere,stream,1
Riitsilla,populated place,1
Riksu,basin,1
Rimmi,populated place,1
Rimmu,stream,1
Rista,convex shoreline,1
Risti,convex shoreline,1
Ristinina,convex shoreline,1
Ristna,convex shoreline,2
Ristninna,convex shoreline,1
Riuküla,populated place,1
Riysa,marsh,1
Roela Kannastiku,populated place,1
Roela Turbaraba,marsh,1
Rogenese,marsh,1
Rogu,island,1
Rohu,island,1
Rohuküla,populated place,2
Rohuneem,convex shoreline,1
Rohuneeme,convex shoreline,1
Rohuneeme,populated place,1
Rohusaar,island,1
Rohusi,island,2
Roja,stream,1
Rokh,island,1
Rokhkuze,populated place,1
Rokho,island,1
Rokhu,convex shoreline,1
Rokhuneme,convex shoreline,1
Rokhunime,convex shoreline,1
Rokhusaar,island,1
Rokyula,populated place,1
Roobuka,populated place,1
Roopa,elevation,1
Roosilla,populated place,1
Roostoja,stream,1
Rootsi,populated place,1
Rootsikilayd,island,1
Rootsiklaid,island,1
Rootsiksaar,island,1
Rootsiku,island,1
Rootsivere,populated place,1
Roovälja,populated place,1
Rosma,populated place,1
Rostoja,stream,1
Rostoya,stream,1
Roņu,island,1
Ruhja,basin,1
Ruhnu,island,2
Ruhnö,island,1
Ruila,populated place,1
Ruilaid,island,1
Ruiljärv,basin,1
Ruke Raga,island,1
Rukhnu,island,2
Rukhve,populated place,1
Rukh’ya,basin,1
Rukke,island,1
Rukkirahu,island,1
Rukkirakhu,island,1
Rulli,populated place,3
Rulli,stream,1
Rulup,convex shoreline,1
Rummu,basin,1
Rummu,island,1
Rumnu,convex shoreline,1
Rumpo,convex shoreline,1
Rumpones,convex shoreline,1
Rumponina,convex shoreline,1
Runos,island,1
Runö,island,1
Ruserahu,island,1
Russalu,populated place,1
Rutu,elevation,1
Ruu,populated place,1
Ruusa,populated place,1
Ruza,populated place,1
Ryama,marsh,1
Ryasna,populated place,2
Ryassa,populated place,1
Ryngu,populated place,1
Räegma,populated place,1
Rähni,populated place,1
Räni,populated place,1
Räsna,stream,1
Rääsa,populated place,2
Räästma,basin,1
Rõka,populated place,1
Rõkalu,populated place,1
Rõmeda,populated place,2
Rõngu,stream,2
Rõude,populated place,1
Rõude,stream,1
Rõuge,basin,1
Rõõsa,basin,1
Rübjagi,convex shoreline,1
Rīzupe,stream,1
Saare,basin,1
Saare,convex shoreline,2
Saare,island,1
Saare,stream,1
Saareantsu,populated place,1
Saarekula,populated place,1
Saaremaa,island,1
Saarenmaa,island,1
Saareotsa,populated place,1
Saaretukk,convex shoreline,1
Saarevälja,stream,1
Saari,populated place,2
Saarjõgi,stream,1
Saarna,convex shoreline,1
Saarnak,island,1
Saarnaki,island,2
Saartneem,convex shoreline,1
Saastna,basin,1
Saatse,populated place,1
Sadamneem,convex shoreline,1
Sadora,populated place,1
Sae,populated place,2
Sagadi,populated place,2
Sagadi Altküla,populated place,1
Saia,populated place,1
Saika,populated place,2
Sakhargu,populated place,1
Saki,populated place,1
Saksniidu,populated place,1
Saksniidu,stream,1
Salama,island,1
Salava,island,1
Sal’mist,populated place,1
Sammaste,populated place,1
Sange,island,1
Sangla,marsh,1
Santoja,stream,1
Sarapiku,basin,1
Sarema,island,1
Sarja,populated place,1
Sarre,convex shoreline,1
Sarve,convex shoreline,1
Sau,marsh,2
Sauaru,populated place,1
Saue,populated place,1
Saue Putla,populated place,1
Saula,populated place,1
Savihoovi,populated place,1
Savikunnu,populated place,1
Savilepa,populated place,1
Savilöövi,populated place,1
Savvõmäe,populated place,1
Seanina,convex shoreline,1
Seapilli,basin,1
Seasaar,island,1
Seerenina,convex shoreline,1
Seinakari,island,1
Sele,strait,1
Selggrund,underwater elevation,1
Selglaid,island,1
Seli,basin,1
Selja,stream,1
Seljametsa,populated place,1
Seljanai,populated place,1
Semeri,convex shoreline,1
Semmeri,island,1
Sendrisoo,marsh,1
Sepa,basin,1
Sepama,concave shoreline,1
Sepamaa,concave shoreline,1
Seretikh,convex shoreline,1
Serga,populated place,1
Serots,convex shoreline,2
Seti,stream,1
Seyerenina,convex shoreline,1
Seynakari,island,1
Sigaste,stream,3
Siigunina,convex shoreline,1
Sikaküla,populated place,1
Sill,island,1
Sillaid,island,1
Sillalaid,island,1
Sillavalla,stream,1
Simunamäe,populated place,1
Simusare,populated place,1
Sinalepa,populated place,1
Sinialliku,basin,1
Siniküla,populated place,1
Sinimaed,elevation,1
Sipelgarahu,elevation,1
Siretz Moor,marsh,1
Sirtsi,marsh,1
Sirtsu,marsh,1
Sitasilla,populated place,1
Sloka,stream,1
Smuuli,populated place,1
Snjägi Madal,underwater elevation,1
Soaluze,populated place,1
Soegi,convex shoreline,1
Soela,strait,1
Soela Sund,strait,1
Soelas Šaurums,strait,1
Soelaveyn,strait,1
Soeva,populated place,1
Sokhlu,populated place,1
Sokv,convex shoreline,1
Sommri,convex shoreline,1
Sompea,populated place,1
Somu,island,1
Sooaluste,populated place,1
Soodevahe,populated place,2
Sookalda,populated place,1
Sookatse,populated place,1
Soontaga,populated place,1
Soosaare,marsh,2
Soosilla,populated place,2
Sootse,populated place,1
Sorgu,island,2
Sor’ahkna,populated place,1
Sotke,stream,1
Sourop,convex shoreline,2
Spithami,convex shoreline,2
Spithamineem,convex shoreline,1
Spithamn,convex shoreline,1
Spitkhami,convex shoreline,1
Stan Kariste,basin,1
Stensher,island,1
Stenskyar,island,1
Stenskär,island,1
Stenskäy,island,1
Struuga,populated place,1
Stur,island,1
Sudiste,populated place,2
Suigu,populated place,2
Suislepa,stream,1
Suislepi Uue,populated place,1
Suistle,populated place,1
Suka Polli,populated place,1
Sulemõisa,populated place,1
Sundja,populated place,1
Supa,populated place,1
Supilinn,populated place,1
Sure Aru,populated place,1
Surkatel’,concave shoreline,1
Surlaid,island,1
Surop,convex shoreline,1
Surso,marsh,1
Suru Suursoo,marsh,1
Surva,populated place,1
Sutlepa,populated place,1
Sutthoffi,populated place,1
Suurekivi,populated place,2
Suuremõisa,stream,1
Suuresöödi,populated place,1
Suuretüki,populated place,1
Suurevälja,populated place,2
Suuriku,elevation,1
Suurissoo,marsh,1
Suurlaid,island,1
Suurlayd,island,1
Suuropi,convex shoreline,1
Suurrahu,elevation,1
Suursoo,marsh,2
Suurup,convex shoreline,1
Syanna,populated place,1
Syar,convex shoreline,1
Syargvere,populated place,1
Symeri,island,1
Sälliku,populated place,1
Särge,populated place,1
Sääre,convex shoreline,1
Sääreküla,populated place,1
Sääretukk,convex shoreline,1
Sääsekõrva,populated place,1
Sécretuk,convex shoreline,1
Sõmeri,convex shoreline,1
Sõmeri,island,2
Sõmeru,stream,1
Sõmmer,convex shoreline,1
Sõnni,populated place,1
Sõreda,stream,1
Sõreste,populated place,1
Sõrve,convex shoreline,3
Sõrvemaa,convex shoreline,1
Sümusaare,populated place,1
Sāmsala,island,1
Sāmu,island,1
Taabri,populated place,1
Taagepera,populated place,2
Taarikõnnu,marsh,1
Tabasalu,populated place,1
Tabriya,populated place,1
Taga,concave shoreline,1
Taga Soomra,populated place,1
Tagaiygi,stream,1
Tagamyysa Poluostrov,convex shoreline,1
Tagamõisa,convex shoreline,1
Tagamõisa,populated place,2
Tagantnurga,populated place,1
Taggalaklet,concave shoreline,1
Taguküla,island,1
Tahku,convex shoreline,1
Tahkuna,convex shoreline,3
Tahkunina,convex shoreline,1
Tahkuranna,stream,1
Tahkuse,populated place,2
Taidra,marsh,1
Takhkona,convex shoreline,1
Takhkuna,convex shoreline,2
Takhkunina,convex shoreline,2
Takhkuranna,populated place,1
Takhova,populated place,1
Tamela,populated place,1
Tamma,basin,1
Tammese,populated place,1
Tammetaguse,populated place,1
Tammik,populated place,1
Tammiku,populated place,12
Tammiski,convex shoreline,1
Tammneem,convex shoreline,1
Tammula,basin,1
Tammuna,populated place,1
Tamula,basin,1
Tapa,populated place,2
Tapiku,marsh,1
Tapu Soe,populated place,1
Tarakvere,stream,1
Tarsamae,populated place,1
Tartusaare Tagajärv,basin,1
Tarvasjõgi,stream,1
Tarvast,populated place,1
Tatersel’ya,populated place,1
Tatra,stream,2
Tauks,island,1
Tauksi,island,2
Tausa,concave shoreline,1
Taydra Rabba,marsh,1
Tedremägi,elevation,1
Tedva,stream,1
Teedla,populated place,1
Teenuse,stream,1
Teffaninna,convex shoreline,1
Teilma,populated place,2
Tekhvanina,convex shoreline,1
Tellaste,populated place,1
Tellisna,convex shoreline,1
Tiastõ,populated place,1
Tiigi,populated place,1
Tiilimaa Ii,populated place,1
Tiirloo,convex shoreline,1
Tilga,populated place,1
Tindimuru,populated place,1
Tinuri,convex shoreline,2
Tiskre,stream,1
Tissi,populated place,1
Tiyrlood,convex shoreline,1
Tjuka,island,2
Tobraotsa,populated place,1
Tobrova,populated place,1
Toffri,convex shoreline,2
Tohvri,convex shoreline,1
Tohwri,convex shoreline,1
Tokhvri,convex shoreline,1
Tolama,populated place,1
Tolkuse,marsh,2
Tolkuse,populated place,1
Tolljärv,basin,1
Tomasmyae,populated place,1
Tomuski,populated place,1
Tonja,populated place,1
Toolse,convex shoreline,1
Toolse,stream,1
Tooma Lõuka,populated place,1
Toomalauka,populated place,1
Toomanina,convex shoreline,1
Toompe Hill,elevation,1
Toompea,elevation,1
Torila,convex shoreline,2
Torila,populated place,1
Torilaid,convex shoreline,1
Tovilaid,convex shoreline,1
Toviland,convex shoreline,1
Treider Aa,stream,1
Treski,populated place,2
Treymani,populated place,1
Triigi,convex shoreline,1
Triiginina,convex shoreline,1
Triygi,convex shoreline,1
Tsitre,convex shoreline,1
Tsitrenina,convex shoreline,1
Tsitternemi,convex shoreline,1
Tsolgo Mustjãrv,basin,1
Tsopakülä,populated place,1
Tuderna,stream,1
Tudulinna,stream,1
Tuhkana,populated place,1
Tuimõisa,populated place,1
Tuka,populated place,1
Tukhu,marsh,1
Tulpe,island,2
Tulpe Väike,island,1
Tul’pe,island,1
Tupl’uva,populated place,1
Turbuneeme,populated place,1
Tursa,populated place,1
Turu,populated place,3
Turvaste Valgejärv,basin,1
Tuudi Jõeäärse,populated place,1
Tuulemäe,populated place,2
Tuulisilla,basin,1
Tuulissilla,basin,1
Tuuraste,stream,2
Tuuru,populated place,1
Tyagepera,populated place,1
Tyanav,basin,1
Tykhelgi,populated place,1
Tylli,populated place,1
Tylluste,populated place,1
Tyndre Yarvi,basin,1
Tyru,populated place,1
Tyul’p,island,2
Tyurisalu,populated place,1
Tähtvere,populated place,3
Tähva,convex shoreline,1
Tänasilma,stream,1
Tänasilma Vana,populated place,1
Tänassilma,stream,1
Tänjala,populated place,1
Tännasilma,populated place,1
Tässi,populated place,1
Tääksi,stream,1
Tõdva,stream,1
Tõhela,basin,1
Tõia,populated place,1
Tõlla,stream,3
Tõnuküla,populated place,1
Tõruvere,populated place,1
Tõrve,populated place,2
Tülp,island,2
Tündre,basin,1
Türisalu,populated place,1
Ub’ya,populated place,1
Udeva,populated place,1
Udrik,island,2
Udrike,populated place,1
Udriku,island,1
Udsali,populated place,2
Ue Riizipere,populated place,1
Uhe,populated place,1
Uhtja,island,1
Uhtjärv,basin,1
Uku Eeriku,populated place,1
Ulati,island,1
Ulika,marsh,1
Ulila,stream,1
Ulluneem,convex shoreline,1
Ulluneme,convex shoreline,1
Ulu,stream,1
Ulu Leyna,populated place,1
Uluneem,convex shoreline,1
Umalaid,island,1
Umblu,island,2
Umbuse,populated place,1
Umbuzi,marsh,1
Unakvere,marsh,1
Undu,concave shoreline,1
Undva,convex shoreline,4
Undvaneem,convex shoreline,1
Undvya,convex shoreline,1
Unipikha,populated place,1
Upa,populated place,1
Upphol’m,convex shoreline,1
Ura,stream,1
Urgeta,populated place,1
Urissare,populated place,1
Urvaste,populated place,1
Utria,populated place,1
Uudepanga,concave shoreline,2
Uue Pomuse,populated place,1
Uue Venevere,populated place,1
Uuevälja,populated place,2
Uulika,marsh,1
Uulu,stream,2
Uuluti,island,1
Uus Aru,populated place,1
Uus Kõnnuniidu,populated place,1
Uus Sytke,populated place,1
Uusasula,populated place,1
Uusmadal,underwater elevation,1
Uydibe,populated place,1
Uyvere,populated place,1
Vaase,populated place,1
Vabamatsi,populated place,2
Vagula,basin,1
Vagula,populated place,1
Vagula,stream,1
Vaharu,basin,1
Vahase,island,1
Vahekari,island,1
Vahtrapää,populated place,1
Vahtrepa,populated place,1
Vahva,populated place,1
Vaiatu,populated place,2
Vaidava,stream,1
Vaika Saared,island,1
Vaindlo,island,1
Vaindloo,island,1
Vainopää,populated place,1
Vainupea,convex shoreline,1
Vaivara,elevation,2
Vakhase,island,1
Vakhaze,island,1
Vakhekari,island,1
Vakhskari,island,1
Vakhu,populated place,1
Vaki,populated place,1
Vaku,stream,1
Valge,marsh,1
Valge,stream,1
Valgejõgi,stream,1
Valgeraba,marsh,1
Valgeyarv,basin,1
Valgeyyarv,basin,1
Valgu,stream,2
Valjala,populated place,2
Valka,populated place,1
Vallaste,populated place,2
Vallastu,populated place,1
Valli,populated place,2
Valma,populated place,2
Val’geiyegi,stream,1
Val’gemegi,stream,1
Vanamõisa,concave shoreline,1
Vanamõisa,stream,1
Vanamõisa Mäeküla,populated place,1
Vanasilla,marsh,2
Vand’yala,populated place,1
Varangu,basin,1
Varese,island,1
Vareselaid,island,1
Vareslaid,island,1
Varudi,marsh,1
Varudi,populated place,1
Vasalema,stream,1
Vasaristi,stream,1
Vasavere,stream,1
Vasiholm,island,1
Vask,stream,1
Vaskjõgi,stream,1
Vaskyala,populated place,1
Vasta,populated place,1
Vastja,populated place,1
Vastse,populated place,1
Vastse Kuste,populated place,1
Vastse Prangli,populated place,1
Vastsekivi,basin,1
Vastseliyna,populated place,1
Vatla,populated place,1
Vayla,populated place,1
Vaynalo,island,1
Vayndlo,island,1
Vayndloo,island,1
Vayvara,elevation,1
Vazalem,stream,1
Veekulgu,populated place,1
Veelikse,stream,2
Veerksu,populated place,1
Veerksu,stream,1
Veisjärv,basin,1
Vekhe Nuste,populated place,1
Vellavere,populated place,1
Vel’tsa,populated place,1
Venekuusiku,populated place,1
Veneküla,populated place,11
Vennarti,populated place,1
Vennekülä,populated place,1
Veo,populated place,1
Verder,convex shoreline,1
Verder’,convex shoreline,1
Vere,populated place,1
Verevi,populated place,2
Vergi,convex shoreline,1
Verhulitsa,populated place,2
Verioja,stream,2
Verksu,populated place,1
Vesilo,island,1
Vesiloo,island,1
Vesiloolaid,island,1
Veski,populated place,9
Veskitaguse,populated place,1
Veterla,concave shoreline,1
Vettel’,concave shoreline,1
Veyn,strait,1
Veys’yarv,basin,1
Vezo,populated place,1
Vezopere,populated place,1
Vidrike,basin,1
Vidva,stream,1
Vigala,stream,1
Vihavu,populated place,1
Vihterpaiu,stream,1
Vihterpalu,stream,1
Viidva,stream,1
Viimsi,convex shoreline,2
Viiratsi,populated place,1
Viire,strait,1
Viirelaid,island,1
Viirika,marsh,1
Viiriko,marsh,1
Viisireiu,populated place,1
Viisjaagu,basin,1
Viitina,basin,1
Vikhakse,populated place,1
Vilima,populated place,1
Villevere,populated place,2
Villiksaare,populated place,1
Vilsand,island,1
Vilsandi,island,2
Vilsandy,island,1
Vilta,populated place,1
Vil’yandi,basin,1
Vil’zandi,island,1
Vingikyula,populated place,1
Vinkova,underwater elevation,1
Vinni,populated place,1
Virbu,convex shoreline,1
Virelaid,island,1
Virtsjärvi,basin,1
Virtsu,convex shoreline,2
Viru Jaagupi,populated place,1
Viru Yagupi,populated place,1
Viruküla,populated place,1
Viruvere Räsna,stream,1
Viruvere Räsna Peakraav,stream,1
Visnapuu,populated place,1
Vissi,populated place,2
Vissu,island,1
Vissulaid,island,1
Vissulayd,island,1
Vissuvere,basin,1
Viuperä,populated place,1
Viytina,populated place,1
Vodja,stream,1
Voge,island,1
Vohi,island,1
Vohilaid,island,1
Vohisaar,island,1
Vokhi,island,1
Vokhisaar,island,1
Voldi,populated place,2
Voo,stream,1
Voore,marsh,1
Voosi,strait,1
Vore,populated place,1
Vormsi,island,1
Vormsisaar,island,1
Vorsti,stream,2
Voy,island,1
Vozi,strait,1
Vyageva,populated place,1
Vyaike,island,1
Vyaike Vyayn,strait,1
Vyaikekyula,populated place,1
Vyandra,stream,1
Vyao,populated place,1
Vyayke Tul’pe,island,1
Vyayn,strait,1
Vybste,populated place,1
Vyerdla,populated place,1
Vykhandu,stream,1
Vylla,populated place,2
Vyrkla,populated place,1
Vyru,populated place,1
Vyylayd,island,1
Vägara,basin,1
Väikeheinamaa,populated place,1
Väinameri,strait,1
Väinjärv,basin,1
Välissoo,marsh,1
Välja,populated place,5
Väljaotsa,populated place,6
Vändra,stream,1
Värati,concave shoreline,1
Värati,populated place,1
Vätta,convex shoreline,1
Vääna,stream,1
Väändla,populated place,1
Võhu,stream,2
Võilaid,island,1
Võistre,basin,1
Võlla,marsh,1
Võlupe,stream,1
Võngjärv,basin,1
Võnnu,stream,1
Võrumõisa,populated place,1
Võsu,stream,1
Võsu Metsanurga,populated place,1
Wahhi,populated place,2
Wailaid,island,1
Walge,stream,1
Walgejöggi,stream,1
Wissolaid,island,1
Woldi,populated place,1
Woo,stream,1
Wäljataguse,populated place,1
Wõilaid,island,1
Yama,populated place,1
Yamaya,populated place,1
Yariste,populated place,1
Yarize,basin,1
Yarma,stream,1
Yarsi,populated place,1
Yarvakandi,populated place,2
Yarvayye,populated place,1
Yarvemetsa Yarv’,basin,1
Yar’ya,populated place,1
Yauza,concave shoreline,1
Yauza,populated place,1
Yulemiste,basin,1
Yuminda,convex shoreline,2
Yuru Saunakyula,populated place,1
Yuzhnyy Goft,island,1
Yyeertse,populated place,1
Yyeeru,populated place,1
Ähijärv,basin,1
Äigna,island,2
Äksi,island,1
Älli,populated place,1
Ämbra,populated place,1
Änari,populated place,1
Ärdi,marsh,1
Ärina,populated place,1
Ärismaa,populated place,1
Ärma,stream,1
Ääsmäe,marsh,1
Ódakivi,convex shoreline,1
Õeküla,populated place,1
Õeste,populated place,1
Õhnu,stream,1
Õhu,populated place,1
Õisu,basin,1
Õngu,stream,1
Õnniste,populated place,1
Õrsava,populated place,1
Õunaku,concave shoreline,1
Õunaku,populated place,1
Ördi,marsh,1
Ööriku,populated place,1
Öötla,populated place,1
Ühtri,populated place,1
Ülejõe Lohusuu,populated place,1
Ülemõisa,populated place,1
Ülgase,populated place,1
