name,frequency,place_type,place_category
Abil Chala Lake,1,lake,basin
Achera,1,river,stream
Acıçay,3,river,stream
Acıçay Tudar,1,river,stream
Acıdərəsu,2,river,stream
Acıqan Dağı,1,mountain,elevation
Adamöldürən,1,river,stream
Adigozalbegly,1,populated place,populated place
Adinabāzār Chāi,1,river,stream
Adsız Burun,1,point,convex shoreline
Adurçay,1,river,stream
Adzhisu,2,river,stream
Adzhkhur,1,populated place,populated place
Ağ Burun Dağı,1,mountain,elevation
Aga-chay,1,river,stream
Aga-Mamedly,1,populated place,populated place
Ağacyeri Dağı,1,mountain,elevation
Agaragimoba,1,populated place,populated place
Agarkh,1,populated place,populated place
Ağası Dağı,1,mountain,elevation
Ağasovqat Dağı,1,mountain,elevation
Ağbaba Dağı,1,mountain,elevation
Agbashlar,1,populated place,populated place
Ağbulaq,8,spring,stream
Ağcaqaya Dağı,1,mountain,elevation
Ağcayazı Dağı,1,mountain,elevation
Ağçınqıldağ,1,mountain,elevation
Ağçuxurçay,1,river,stream
Agdaban,1,populated place,populated place
Agdabanchay,1,river,stream
Ağdaş,1,hill,elevation
Ağdaş Dağı,1,hill,elevation
Agdasch,1,populated place,populated place
Agderechay,1,river,stream
Ağduzdağ,1,mountain,elevation
Agdzhakend,4,populated place,populated place
Agdzhakovakh,1,populated place,populated place
Ağgöl,1,lake,basin
Aghbis,1,mountain,elevation
Aghch’ay,1,river,stream
Aghdaban,1,populated place,populated place
Ağkeşçay,1,river,stream
Ağköynək,1,populated place,populated place
Ağlıqçay,1,river,stream
Aglykchay,1,river,stream
Agoglanchay,1,river,stream
Ağqaya,1,populated place,populated place
Ağqaya Dağ,2,mountain,elevation
Ağqayaçay,1,river,stream
Ağstafa,1,river,stream
Agsu,1,river,stream
Ağsu,2,river,stream
Ağsuçay,1,river,stream
Ağtəpə Dağ,1,mountain,elevation
Ağzıbirçala Gölü,1,lake,basin
Ahohçay,1,river,stream
Aja Kabul,1,populated place,populated place
Akdere,1,populated place,populated place
Akera,1,river,stream
Akh-Kabaddy,1,river,stream
Akh-Oglan,1,river,stream
Akhbulakchay,1,river,stream
Akhdzha-Kashun,1,river,stream
Akhmedly,1,river,stream
Akhtachy-Karabudzhak,1,populated place,populated place
Akhyndzhachay,1,river,stream
Akkend,1,populated place,populated place
Akssidara,1,river,stream
Akulis,1,populated place,populated place
Akulischay,1,river,stream
Akuşapeştə,1,populated place,populated place
Ala-Bekly,1,populated place,populated place
Alagëzmazra,1,populated place,populated place
Alasha-Chāy,1,river,stream
Alazalin,1,populated place,populated place
Alazan’,1,river,stream
Alazani,1,river,stream
Aldzhigan-Chay,1,river,stream
Alidzhanchay,2,river,stream
Alidzhiganchay,1,river,stream
Alindzhachay,1,river,stream
Alishanly,1,populated place,populated place
Alisher,1,populated place,populated place
Alkhasly,1,populated place,populated place
Allychay,1,river,stream
Almaband,1,mountain,elevation
Almalıdağ,2,mountain,elevation
Alpan,1,populated place,populated place
Alpaşa Dağı,1,mountain,elevation
Altıağac Dağ,1,mountain,elevation
Alyak’chi,1,populated place,populated place
Alyakcha,1,river,stream
Alyat-Pristan’,1,populated place,populated place
Amirabdzhan,1,populated place,populated place
Anabadgədik Dağı,1,mountain,elevation
Anbarçay,1,river,stream
Aquşa,2,river,stream
Arab-Kubali,1,populated place,populated place
Arabkadim,1,populated place,populated place
Arabkaradagly,1,populated place,populated place
Aragchay,1,river,stream
Aral Pervyy,1,populated place,populated place
Aran,1,river,stream
Aranzəmin,1,populated place,populated place
Aras,1,river,stream
Aras Rūd,1,river,stream
Araxes,1,river,stream
Araz,1,river,stream
Archevan’,1,populated place,populated place
Ardağ Dağı,1,mountains,elevated area
Arğalı,1,river,stream
Arıqçay,1,river,stream
Arıqlısuyu,1,river,stream
Armudlu Dağı,1,mountain,elevation
Arpa Çayı,1,river,stream
Arpa-Chay,1,river,stream
Arpaçay,1,populated place,populated place
Arpadağları Silsiləsi,2,mountains,elevated area
Arrak’el,1,populated place,populated place
Arsar,1,mountains,elevated area
Arshaly,1,populated place,populated place
Arvərazçay,1,river,stream
Arygdam,1,populated place,populated place
Aşağı Əskipara,1,populated place,populated place
Aşağı İmamqulukənd,1,populated place,populated place
Aşağı Köynük,1,populated place,populated place
Aşağı Qaramanlı,1,populated place,populated place
Aşağı Tahircal,1,populated place,populated place
Aschurly,1,populated place,populated place
Ash-Kushchu,1,populated place,populated place
Ashaga Kyrakhkesaman,1,populated place,populated place
Ashaga-Geynyuk,1,populated place,populated place
Ashaga-Kyungyut,1,populated place,populated place
Ashagy Andamich,1,populated place,populated place
Ashagy Astanly,1,populated place,populated place
Ashagy Gëynyuk,1,populated place,populated place
Ashagy Gyuzlyak,1,populated place,populated place
Ashagy Khalilbeyli,1,populated place,populated place
Ashagy Tyulekiran,1,populated place,populated place
Ashagy Zeid,1,populated place,populated place
Ashagy-Ayyply,1,populated place,populated place
Ashagy-Chemenli,1,populated place,populated place
Ashagy-Gendob,1,populated place,populated place
Ashagy-Kumlu,1,populated place,populated place
Ashagy-Lyagyar,1,populated place,populated place
Ashagy-Mollu,1,populated place,populated place
Ashagy-Tyulyakeran,1,populated place,populated place
Ashagy-Veysalli,1,populated place,populated place
Ashurli,1,populated place,populated place
Äskärabad,1,populated place,populated place
Askipara,1,river,stream
Asmaçay,1,river,stream
Astara Çayı,1,river,stream
Astarachay,1,river,stream
Atabəy,1,populated place,populated place
Atakhal,1,populated place,populated place
Atakishily,1,populated place,populated place
Ataqqutçay,1,river,stream
Atdağ,1,mountain,elevation
Avaran,1,populated place,populated place
Avaranqışlaq,1,populated place,populated place
Avaxılçay,1,river,stream
Avşar,1,populated place,populated place
Avunchay,1,river,stream
Avush,1,populated place,populated place
Axarbaxar Dağ,1,mountain,elevation
Axaxdərə,1,populated place,populated place
Axınca,1,river,stream
Axmaz Göl,2,lake,basin
Axtarma Dağı,2,mountain,elevation
Ayçınqıllı Aşırımı,1,pass,depression
Aydıngün,1,populated place,populated place
Aydınlarçay,1,river,stream
Aydynbulag,1,populated place,populated place
Aygek,1,populated place,populated place
Ayıçınqıl Dağı,1,mountain,elevation
Ayıçınqıllı Aşırımı,1,pass,depression
Ayybazar,1,populated place,populated place
Aza,1,populated place,populated place
Azgəlindağ,1,mountain,elevation
Azokh,2,populated place,populated place
Baba-Chay,1,river,stream
Baba-Sanan,1,hill,elevation
Babachay,1,river,stream
Babadağ Aşırımı,1,pass,depression
Babakücə Dağı,1,mountain,elevation
Babaqar Dağ,1,mountain,elevation
Babashlar,1,populated place,populated place
Babekskiy,1,populated place,populated place
Babək,1,populated place,populated place
Badachay,1,river,stream
Badakənd,1,populated place,populated place
Badamağac,2,populated place,populated place
Badamagach,2,populated place,populated place
Badamdağ,1,mountain,elevation
Badaraçay,1,river,stream
Bağçalı,1,populated place,populated place
Bagimli,1,populated place,populated place
Bagirovkend,1,populated place,populated place
Bağırlı Dağı,1,mountain,elevation
Bağırsaqdärä,1,river,stream
Bairamh,1,populated place,populated place
Bakhliin,1,populated place,populated place
Bakhtiyarly,2,populated place,populated place
Bala Shakhagach,1,populated place,populated place
Bala Şürük,1,populated place,populated place
Balaband Dağı,1,mountain,elevation
Balakeçiçay,1,river,stream
Balakhany,1,populated place,populated place
Balakusarkyshlak,1,populated place,populated place
Balasoltanlı,1,populated place,populated place
Bālhā Rūd,1,river,stream
Balıqcı,1,populated place,populated place
Balıqlı Sayı,1,shoal,underwater elevation
Ballabur,1,populated place,populated place
Ballıca,1,river,stream
Ballıca Çayı,1,river,stream
Balludzha,1,river,stream
Baltalı,1,populated place,populated place
Balvarı,1,populated place,populated place
Balvary,1,populated place,populated place
Banbaşı,1,populated place,populated place
Barautty,1,river,stream
Bardalchay,1,river,stream
Bargushat,1,river,stream
Barmaqlar Dağı,1,mountain,elevation
Baş Layski,1,populated place,populated place
Baş Qafqazsıra Dağları,1,mountains,elevated area
Baş Qərvənd,1,populated place,populated place
Baş Zəyzit,1,populated place,populated place
Başarat,1,populated place,populated place
Bash Shabalyt,1,populated place,populated place
Bash-Khynysly,1,populated place,populated place
Batanchay,1,river,stream
Bats’ut,1,mountain,elevation
Bayandur,1,river,stream
Baydı Dağı,1,mountain,elevation
Bayramkokhaly,1,populated place,populated place
Bazarçay,1,river,stream
Bedirli,2,populated place,populated place
Begdeli,1,populated place,populated place
Beldağ,1,mountain,elevation
Belokany-Chay,1,river,stream
Benevshelyar,1,populated place,populated place
Beş Ətəklər Dağı,1,mountain,elevation
Betschenagskü Pass,1,pass,depression
Beydavil,1,populated place,populated place
Beylagan,1,populated place,populated place
Beyuk- Shakhnazarli,1,populated place,populated place
Bëyuk-Bekhmenli,1,populated place,populated place
Bëyuk-Chay,1,river,stream
Beyuk-Dekhna,1,populated place,populated place
Bëyuk-Khynysly,1,populated place,populated place
Beyukkobu,1,river,stream
Bəçəqarbinə,1,populated place,populated place
Bədəlçay,1,river,stream
Bədərə,1,river,stream
Bənövşə,1,river,stream
Bərdalçay,1,river,stream
Bərgüşad,1,populated place,populated place
Bəşdəli,1,populated place,populated place
Bəybəyim Dağı,1,mountain,elevation
Bəyi,1,populated place,populated place
Bəzirgənsu,1,river,stream
Bibiheybət Buxtası,1,bay,concave shoreline
Bibiheybət Körfəzi,1,bay,concave shoreline
Bichenak,1,populated place,populated place
Bichigarbina,1,populated place,populated place
Bilabənd,1,populated place,populated place
Bilajer,1,populated place,populated place
Bilici Dağı,1,mountain,elevation
Bilinya-Chay,1,river,stream
Bilnəçay,1,river,stream
Bilyadzhik,1,populated place,populated place
Birinci Ağalı,1,populated place,populated place
Birinci Çaylı,1,populated place,populated place
Birinci Zobucuq,1,populated place,populated place
Birziband,1,populated place,populated place
Bizqaya Dağı,1,mountain,elevation
Bıləsən Dağ,1,mountain,elevation
Blut’an,1,populated place,populated place
Bogrov Dāgh,1,mountains,elevated area
Bolgar Chāi,1,river,stream
Bolgaru Chai,1,river,stream
Bolqār Chāy,1,river,stream
Bölüksar Dağ,1,mountain,elevation
Bonbon Dağı,1,hill,elevation
Boradygya-Chāy,1,river,stream
Boradygyakhchay,1,river,stream
Borispol’,1,populated place,populated place
Boyat,4,populated place,populated place
Böyük Kirs Dağı,1,mountain,elevation
Böyük Mişovdağ,1,hill,elevation
Böyük Qəcər,1,populated place,populated place
Böyük Samalit Dağı,1,mountain,elevation
Böyükboz Dağı,1,mountain,elevation
Böyükdağ,3,mountain,elevation
Böyükdüz,2,populated place,populated place
Böyükgüney Dağı,1,mountain,elevation
Böyüktəpə Dağ,1,mountain,elevation
Bozdağ,1,hill,elevation
Bozdağ Silsiləsi,2,mountains,elevated area
Brazmançay,1,river,stream
Buğaboyun Dağı,1,mountain,elevation
Bukhta Il’icha,1,bay,concave shoreline
Bulanlıqçay,1,river,stream
Bulanykh-Su,1,river,stream
Bulaq Silsiləsi,1,mountains,elevated area
Bülbülə Gölü,1,lake,basin
Bulutlu,1,populated place,populated place
Bumçay,1,river,stream
Buransyz-Dzhul’ga,1,river,stream
Buravar,1,populated place,populated place
Burduzh,1,populated place,populated place
Burovar Silsiləsi,1,mountains,elevated area
Burovdal,1,populated place,populated place
Burundağ Silsiləsi,1,mountains,elevated area
Bürünlü,1,populated place,populated place
Burunly,1,populated place,populated place
Burunsval Dağı,1,mountain,elevation
Buzhich’,1,spring,stream
Buzluk,1,river,stream
Buzlukchay,1,river,stream
Buzluq,1,river,stream
Buzovçuguney Silsiləsi,1,mountains,elevated area
Bygyr-Chay,1,river,stream
Byulbyuti,1,populated place,populated place
Cağacıq,1,populated place,populated place
Çağacıqçay,2,river,stream
Çağacuqçay,1,river,stream
Çalbayır Silsiləsi,1,mountains,elevated area
Çalburun,1,populated place,populated place
Campara Çayı,1,river,stream
Canavar Qapısı Dağı,1,mountain,elevation
Canbaz Dağı,1,mountain,elevation
Cancan Dağı,1,mountain,elevation
Candar,1,river,stream
Canlıgöl,1,lake,basin
Canqurtaran Dağı,1,mountain,elevation
Çapartu,1,river,stream
Cape Sangachal,1,cape,convex shoreline
Çarxaçıçay,1,river,stream
Caxırlı,1,populated place,populated place
Çaxmaxtəpə Dağı,1,mountain,elevation
Çay Qaraqaşlı,1,populated place,populated place
Çaybulaq,1,spring,stream
Çaykeş,1,river,stream
Çaylaq,2,river,stream
Çaylaxan Dağı,1,mountain,elevation
Çaytumas,1,populated place,populated place
Çeil Dağı,1,mountain,elevation
Çeildağ,1,mountain,elevation
Cekoyra Dağı,1,mountain,elevation
Çeşman,1,populated place,populated place
Çeşməbasar,1,populated place,populated place
Ceyrançöl Silsiləsi,1,mountains,elevated area
Cəbələ,1,river,stream
Cəfərlidağ,1,mountain,elevation
Çələbilerçay,1,river,stream
Çəlləkli Göl,1,lake,basin
Çəmənli,3,populated place,populated place
Çəmrədərə,1,river,stream
Cəngiçay,1,river,stream
Cənğisər Zirvəsi,1,mountain,elevation
Cənubi Abşeron Körfəzi,1,strait,strait
Çərmədüşmə Dağ,1,mountain,elevation
Çətindərə,1,river,stream
Çətindərəçay,1,river,stream
Cəyirçay,1,river,stream
Çəyırlı,1,populated place,populated place
Ch’amch’ajur,1,river,stream
Chagadzhik,1,river,stream
Chahukch’ay,1,river,stream
Chakhmakhchay,1,river,stream
Chamra-Dere,1,river,stream
Chanakhbulak,2,populated place,populated place
Chapar,1,populated place,populated place
Charakh,1,populated place,populated place
Chardakhlo,1,populated place,populated place
Charedzha,1,populated place,populated place
Charkhachuchay,1,river,stream
Charkhan,1,populated place,populated place
Chavush,1,populated place,populated place
Chayrabchay,1,river,stream
Chederentala,1,populated place,populated place
Chigadzhukchay,1,river,stream
Chil’gyaschay,1,river,stream
Chilov,1,island,island
Chinarlar,1,populated place,populated place
Chiragly,1,populated place,populated place
Chkhoturmas,1,river,stream
Chkhoturmaz,1,river,stream
Chokakoba,1,populated place,populated place
Chopedere,1,populated place,populated place
Chrami,1,river,stream
Chukhur-Zami,1,populated place,populated place
Chukhur”yurt,1,populated place,populated place
Chyldyran,1,populated place,populated place
Cibir,1,populated place,populated place
Çigilçay,1,river,stream
Çilgəz Dağı,2,mountain,elevation
Cimiçay,1,river,stream
Çimqar Dağı,1,mountain,elevation
Çinarlı,3,populated place,populated place
Çinarlı Dağı,1,hill,elevation
Çinçarçay,1,river,stream
Ciraquz,1,populated place,populated place
Çiraxqala Dağı,1,mountain,elevation
Çirgilçay,1,river,stream
Çobanbatangöl,1,lake,basin
Çobançala Dağı,1,mountain,elevation
Çobançeşmədağ,1,mountain,elevation
Çöl Göylər,1,populated place,populated place
Çöl Quşçu,1,populated place,populated place
Cucuk,1,populated place,populated place
Cülyalı Dağ,1,mountain,elevation
Cülyançay,1,river,stream
Çüməçay,1,river,stream
Çuqak Dağı,1,mountain,elevation
Çurki Adası,1,island,island
Çürüklüktəpə Dağı,2,mountain,elevation
Cuxadurmaz,1,river,stream
Çuxadurmaz Çayı,1,river,stream
Çuxuryurd,2,populated place,populated place
Dadaşbəyli,1,populated place,populated place
Dadashbeyli,1,populated place,populated place
Dag Dzheir,1,populated place,populated place
Dağ Üzü,1,populated place,populated place
Dag-Bilidzhi,1,populated place,populated place
Dagirmandag,1,populated place,populated place
Dagirmanly,1,populated place,populated place
Dagkolany,1,populated place,populated place
Dagnya Chay,1,river,stream
Daguzi,1,populated place,populated place
Daharlı Dağ,1,mountain,elevation
Dali-Dagh,1,mountain,elevation
Dalichay,1,river,stream
Dallyar-Dzheir,1,populated place,populated place
Damarçay,1,river,stream
Damcılı Silsilə,1,mountains,elevated area
Damğalı,1,populated place,populated place
Darakeç Dağı,1,mountain,elevation
Dartdağ,1,mountain,elevation
Darylyk,1,populated place,populated place
Daş Dağı,1,mountain,elevation
Daş Zirə Adası,1,island,island
Daşağılçay,1,river,stream
Daşaltı,1,populated place,populated place
Daşbulaq,1,spring,stream
Daşca,1,populated place,populated place
Daşdağ,1,mountain,elevation
Daşdəmirbəyli,1,populated place,populated place
Dash-Salakhly,1,populated place,populated place
Dashagylchay,1,river,stream
Dashveysally,1,populated place,populated place
Daşkənd,2,populated place,populated place
Daşkəsən Dağ,1,mountain,elevation
Daşlı Saylar,1,shoal,underwater elevation
Daşlıçay,1,river,stream
Dastagir,1,populated place,populated place
Daştəpə,1,hill,elevation
Davalı Duzlu,1,river,stream
Davudlu,1,river,stream
Daxili Daş Adası,1,island,island
Dede-Gunesh,1,river,stream
Degady,1,populated place,populated place
Delichay,1,river,stream
Dellyaklyar,1,populated place,populated place
Dereyar,1,river,stream
Devaradahi-Chāy,1,river,stream
Dəcəl,1,populated place,populated place
Dələli,1,populated place,populated place
Dəlialı Dağı,1,mountain,elevation
Dəliçay,4,river,stream
Dəlidağ,3,mountain,elevation
Dəlikdaş Dağı,1,mountain,elevation
Dəlilər Cırdaxan,1,populated place,populated place
Dəliqoşqarçay,1,river,stream
Dəlləkoba,1,populated place,populated place
Dəllər,3,populated place,populated place
Dəmiçilər,1,populated place,populated place
Dəmirçiçay,1,river,stream
Dəmirlidağ,1,mountain,elevation
Dəndəlik Silsiləsi,1,mountains,elevated area
Dərəbulaq,2,spring,stream
Dərəyar,1,river,stream
Dəstəfurçay,1,river,stream
Dəvəboynu Silsiləsi,1,mountains,elevated area
Dəvəboynu Zirvəsi,1,mountain,elevation
Dəvəçiçay,1,river,stream
Dəvədağ,1,mountain,elevation
Dəvəlidağ,1,mountain,elevation
Dəvəyağı Dağı,1,mountain,elevation
Dəyirmandağ,1,mountain,elevation
Dəyirmantəpə Dağı,1,hill,elevation
Dibanaçay,1,river,stream
Digov-Dara,1,populated place,populated place
Digyakh,5,populated place,populated place
Dikdaş Dağ,1,mountain,elevation
Dikdash,1,populated place,populated place
Dikpiləkən Dağı,1,mountain,elevation
Dilagarda,2,populated place,populated place
Dilagorda,1,populated place,populated place
Dilmançay,1,river,stream
Dindiçay,1,river,stream
Diqoband Dağı,1,mountain,elevation
Dizaxlı,1,populated place,populated place
Dizaxlıçay,1,river,stream
Dobyar-Chāy,1,river,stream
Dobyurchay,1,river,stream
Dolanlarçay,1,river,stream
Dördlər,4,populated place,populated place
Dostalı,1,populated place,populated place
Druz-Iki,1,populated place,populated place
Dschandar-Gel,1,lake,basin
Dübrar Dağ,2,mountain,elevation
Dudar,1,river,stream
Dumandərəbaşı Dağ,1,mountain,elevation
Dun’yamalylar,1,populated place,populated place
Durandağ,1,hill,elevation
Dürriyə,1,populated place,populated place
Durucaçay,2,river,stream
Duruçay,1,river,stream
Duvannaya,1,populated place,populated place
Düyərli,2,populated place,populated place
Düylün,1,populated place,populated place
Düz Cırdaxan,1,populated place,populated place
Duzdakh,1,populated place,populated place
Dygov-Dara,1,populated place,populated place
Dyl’mady,1,populated place,populated place
Dyubendi,1,populated place,populated place
Dyuglyun,1,populated place,populated place
Dyuglyunchay,1,river,stream
Dyuz-Kyrykhly,1,populated place,populated place
Dzardakhach’,1,populated place,populated place
Dzhafalachay,1,river,stream
Dzhagirchay,1,river,stream
Dzhagrichay,1,river,stream
Dzhakhanghbeyli,1,populated place,populated place
Dzhamaparachay,1,river,stream
Dzhangasan,1,populated place,populated place
Dzhanguchay,1,river,stream
Dzhardam,1,populated place,populated place
Dzhargibulak,1,spring,stream
Dzhavadkhanly,1,populated place,populated place
Dzhayly,1,populated place,populated place
Dzhebelya,1,river,stream
Dzherembel’,1,populated place,populated place
Dzheyrankechmaz,1,river,stream
Dzheyranly,1,populated place,populated place
Dzhinli-Zeynally,1,populated place,populated place
Dzhodzhukh,1,populated place,populated place
Dzhorat,1,populated place,populated place
Dzhovlan,1,populated place,populated place
Dzhul’fa,1,populated place,populated place
Dzhul’gu-Chay,1,river,stream
Dzoradem,1,river,stream
Edzhara,1,populated place,populated place
El’dari Step’,1,plain,area
Eldar Çölü,1,plain,area
Eldaris Dablobi,1,plain,area
Elyeri Dağı,1,mountain,elevation
Ermenibazar,1,populated place,populated place
Ermyakikyshlak,1,populated place,populated place
Erzikyush,1,populated place,populated place
Eshakchi,1,populated place,populated place
Eşidçay,1,river,stream
Eşşək Bulağı,1,spring,stream
Eşşəkbulaq,1,spring,stream
Etchelyar,3,populated place,populated place
Eyridere,1,populated place,populated place
Eyridzha,1,populated place,populated place
Eyvazkəsdi Dağı,1,mountain,elevation
Ələkçi,1,river,stream
Əlibəyli,3,populated place,populated place
Əlibulaq,1,spring,stream
Əlicə Dağı,1,mountain,elevation
Əlincə Dağı,1,mountain,elevation
Əliquluçay,1,river,stream
Əliyar,1,populated place,populated place
Əlvənd,1,populated place,populated place
Əmbizlər,1,populated place,populated place
Əmbizlərçay,2,river,stream
Əmirxanlı Dağı,1,mountain,elevation
Əmirxanlıçay,1,river,stream
Əncəqov,1,populated place,populated place
Əngilan,1,river,stream
Ərdəbilə,1,populated place,populated place
Ərdəşəvi,1,river,stream
Ərəbyatağı Silsiləsi,1,mountains,elevated area
Ərtəpə,1,populated place,populated place
Ərziküşçay,1,river,stream
Əsədkef Dağı,1,mountain,elevation
Əvəcükoba,1,populated place,populated place
Əvilə,1,populated place,populated place
Əyirçay,1,river,stream
Əylisçay,1,river,stream
Əyrisu,1,river,stream
Əziztori Silsiləsi,1,ridge,elevated area
Faladari-Chay,1,river,stream
Faldar Çayı,1,river,stream
Faldarly,1,populated place,populated place
Fatmabil Göl,1,lake,basin
Fərzəlioba,1,populated place,populated place
Fətəli Xan,1,populated place,populated place
Ficugel Silsiləsi,1,mountains,elevated area
Fingya,1,populated place,populated place
Gadzhi-Kharrar,1,populated place,populated place
Gadzhilzkendere,1,populated place,populated place
Gadzhimamedli,2,populated place,populated place
Gadzhitepe,1,populated place,populated place
Gadzhuchay,1,river,stream
Gadzhykarvend,1,populated place,populated place
Gadzhylalyly,1,populated place,populated place
Gadzhyly,4,populated place,populated place
Gadzhysamly,1,populated place,populated place
Gah,1,populated place,populated place
Gamanly,1,populated place,populated place
Gamışlıgöl,1,populated place,populated place
Gamyali,1,populated place,populated place
Gamyshlygël’,1,populated place,populated place
Gandzha,1,river,stream
Ganykh,1,river,stream
Garanlykh,1,river,stream
Garbaladzha,1,river,stream
Garcha,1,populated place,populated place
Garıs Əyribənd,1,populated place,populated place
Gassan-Ssu,1,river,stream
Gavahan,1,populated place,populated place
Gazydere,1,populated place,populated place
Gdezi-Chay,1,river,stream
Gegharjin,1,populated place,populated place
Gëgyam,1,populated place,populated place
Gëk-Chay,1,river,stream
Gel’glov,1,populated place,populated place
Geljaai-Chai,1,river,stream
Gemyur-Chay,1,river,stream
Gendalanchay,1,river,stream
Gendebil’,1,populated place,populated place
Gendərədag,1,mountain,elevation
Gendov,1,populated place,populated place
Generchay,1,river,stream
Geokchay,1,river,stream
Geoktepe,1,river,stream
Geran-Chai,1,river,stream
Geran’chay,1,river,stream
Geranch’ay,1,river,stream
Geraybeyli,2,populated place,populated place
Gerusch’ay,1,river,stream
Gevdara,1,populated place,populated place
Geybulag,1,populated place,populated place
Gëyyardzhik,1,populated place,populated place
Gədəbəyçay,1,river,stream
Gədi Dağ,1,mountain,elevation
Gədikqışlaq,1,populated place,populated place
Gəlınqaya Dağı,1,mountain,elevation
Gəmir Dağı,1,mountain,elevation
Gəncə,1,hill,elevation
Gəncə Qazax Düzü,1,plain,area
Gəraybəyli,2,populated place,populated place
Gərəkçay,1,river,stream
Gərməşöylŭ,1,populated place,populated place
Gərmiyançay,1,river,stream
Gətindüşəndağ,1,mountain,elevation
Gharaboulagh,1,populated place,populated place
Gharadgalli,1,populated place,populated place
Ghazykhanly,1,populated place,populated place
Gican,1,populated place,populated place
Gil Adası,1,island,island
Gil’gil’chay,1,river,stream
Gil’gin-Chay,1,river,stream
Gilakhoba,1,populated place,populated place
Gilançay,1,river,stream
Gilgilçay,1,river,stream
Gilgin-Chai,1,river,stream
Gioulatagh,1,populated place,populated place
Girdabad Dağı,1,mountain,elevation
Girdadul,1,populated place,populated place
Girdedul,1,populated place,populated place
Girdə Dağ,1,mountain,elevation
Girik,1,populated place,populated place
Gobuchay,1,river,stream
Goga,1,populated place,populated place
Gömür Çayı,1,river,stream
Goronu,1,populated place,populated place
Göybulaq,1,spring,stream
Göyçay,1,populated place,populated place
Göydağ,1,mountain,elevation
Göyəmtala,1,populated place,populated place
Göygöy Dağ,1,mountain,elevation
Göytəpə,1,hill,elevation
Gözbaraq,1,populated place,populated place
Gugarats’,1,mountains,elevated area
Gülanlıq Dağı,1,mountain,elevation
Güləbird,1,populated place,populated place
Güləh,1,populated place,populated place
Güləli Dağı,1,mountain,elevation
Güllücə Dağı,1,mountain,elevation
Gülmətəpə Dağ,1,mountain,elevation
Gülövşə,1,populated place,populated place
Gümbidağ,1,mountain,elevation
Gümürü Dağı,1,mountain,elevation
Gümüşlüçay,1,river,stream
Güneybulaq,1,spring,stream
Gurat,1,river,stream
Gürgən Burnu,1,cape,convex shoreline
Gurgurçay,1,river,stream
Guruchay,1,river,stream
Gusanly,1,populated place,populated place
Güyüm,1,populated place,populated place
Gyandzha,1,river,stream
Gyandzhachay,1,river,stream
Gyugyum,1,populated place,populated place
Gyuloglylar,1,populated place,populated place
Gyulyan-Chay,1,river,stream
Gyune-Chertaz,1,populated place,populated place
Gyunkyshlyakh,1,populated place,populated place
Gyuvandik,1,populated place,populated place
Haçadağ,2,mountain,elevation
Haçaqaya Dağ,1,mountain,elevation
Hacıbabaqobusu,1,river,stream
Hacıhüseynli,1,populated place,populated place
Hacıisgəndərli,1,populated place,populated place
Hacıqabul Gölü,1,lake,basin
Hajilar,1,populated place,populated place
Hamarat,1,populated place,populated place
Haran,1,populated place,populated place
Harov,1,populated place,populated place
Harsnajur,1,river,stream
Havzova,1,populated place,populated place
Hayat’,1,populated place,populated place
Hazırəhmədli,1,populated place,populated place
Hetovlar,1,populated place,populated place
Həjo,1,populated place,populated place
Həkəri,2,river,stream
Həmzəliçay,2,river,stream
Həmzəqor Dağı,1,mountain,elevation
Həsənbinə,1,populated place,populated place
Həsili,1,populated place,populated place
Həzrə,2,populated place,populated place
Həzrəkəndçay,1,river,stream
Həzrətçay,1,river,stream
Hilis,1,populated place,populated place
Hoghe,1,populated place,populated place
Hovari,1,populated place,populated place
Hovuslu,1,populated place,populated place
Hülövlü,1,populated place,populated place
Hüseynalı Bulaq,1,spring,stream
Hüseynbəyli,1,populated place,populated place
İbaxlı,1,populated place,populated place
İbrahimhaput,1,populated place,populated place
İçəri,1,populated place,populated place
Iemish Chan,1,populated place,populated place
İkinci Çaylı,1,populated place,populated place
İkinci Meyniman,1,populated place,populated place
İkinci Nazırlı,1,populated place,populated place
İkinci Şordəhnə,1,populated place,populated place
Ikindzhi-Shikhly,1,populated place,populated place
Ile-Dzha-Chay,1,river,stream
Iliç Buxtası,1,bay,concave shoreline
Iliich,1,populated place,populated place
Ilkhychi,1,populated place,populated place
İlxıçi Dağı,1,mountain,elevation
Ilxıçı,1,populated place,populated place
İlxıçı,3,populated place,populated place
İlxıdərəçay,1,river,stream
İlxıyolaşan Aşırımı,1,pass,depression
İmambağı,1,populated place,populated place
Imamulichay,1,river,stream
Imarat’ K’arvand,1,populated place,populated place
Imash-Verdylyar,1,populated place,populated place
İncəpçay,1,river,stream
Incha-Chay,1,river,stream
Inchachay,1,river,stream
Indzhechay,1,river,stream
Indzhilli Sarydzhaly,1,populated place,populated place
Insel Nargin,1,island,island
Iori,1,river,stream
İpəkçay,1,mountain,elevation
İrçan,1,populated place,populated place
Irmashly,1,populated place,populated place
Ishihli,1,populated place,populated place
Ishkhan,1,river,stream
Ishkhen-Chay,1,river,stream
İskotçay,1,river,stream
İslamdağ,1,mountain,elevation
Ismailbeyli,2,populated place,populated place
İsmayıbəylı,1,populated place,populated place
Ispik,1,populated place,populated place
İspikdahar Qayası,1,cliff,elevation
İstisuçay,1,river,stream
Iveri,1,populated place,populated place
Janiatagh,1,populated place,populated place
Jənub Sayı,1,bank,underwater elevation
Jiloi Island,1,island,island
Joghas,1,river,stream
Joghaz,1,river,stream
Jori,1,river,stream
Jukhary Aza,1,populated place,populated place
K’akil,1,hill,elevation
K’arahunch’,1,populated place,populated place
K’arajur,1,river,stream
K’arak’it’,1,hill,elevation
K’eybaly,1,populated place,populated place
K’olatak,1,populated place,populated place
K’urdlar,2,populated place,populated place
Kaberi Chay,1,river,stream
Kachag-Kend,1,populated place,populated place
Kadimalikyshlak,1,populated place,populated place
Kaftarlı Dağı,1,mountain,elevation
Kagadzhyly,1,populated place,populated place
Kagramanly,2,populated place,populated place
Kahadağ,1,mountain,elevation
Kakhmugal,1,populated place,populated place
Kalachay,2,river,stream
Kalafalıqçay,1,river,stream
Kalagayly,1,populated place,populated place
Kalageyli,1,populated place,populated place
Kalantarli,1,populated place,populated place
Kalbandağ,1,mountain,elevation
Kalbaorus Dizə,1,populated place,populated place
Kalynchakh,1,populated place,populated place
Kara-Chai,2,river,stream
Kara-Kobi,1,river,stream
Kara-Sou,1,river,stream
Kara-Su,1,river,stream
Karaagach,1,river,stream
Karaagadzhlar,1,populated place,populated place
Karachaydzhek,1,populated place,populated place
Karachuk,1,populated place,populated place
Karadara,1,river,stream
Karagach,1,river,stream
Karagasanly,1,populated place,populated place
Karagashli,1,populated place,populated place
Karakaya,2,populated place,populated place
Karakëlluk,1,populated place,populated place
Karakhanbeyli,3,populated place,populated place
Karakolly,1,populated place,populated place
Karakoyny,1,river,stream
Karakurtly,1,populated place,populated place
Karalilar,1,populated place,populated place
Karamakhmudlu,1,populated place,populated place
Karamanlu,1,populated place,populated place
Karapirum,1,populated place,populated place
Karcha,1,populated place,populated place
Kardash,1,populated place,populated place
Kargalug,1,populated place,populated place
Karkara-Chai,1,river,stream
Karkudzhak,2,populated place,populated place
Karvansara Adası,1,island,island
Kasha-diza,1,populated place,populated place
Kashkachay,2,populated place,populated place
Kashkarachay,2,river,stream
Kasymalylar,1,populated place,populated place
Kavtobulaq,1,river,stream
Kazakh,1,populated place,populated place
Kazulchay,1,river,stream
Keçelbaş Dağ,1,mountain,elevation
Keçəlçay,1,river,stream
Keçəldağ,6,mountain,elevation
Keçəltəpə Dağı,2,mountain,elevation
Keçəlyal Dağı,1,mountain,elevation
Kechaye Chay,1,river,stream
Kedabekchay,1,river,stream
Këkhanabi,1,populated place,populated place
Kel’farach,1,populated place,populated place
Kelakhana,1,populated place,populated place
Kelanı Dağı,1,mountain,elevation
Kelanly,1,populated place,populated place
Kend”eri,1,populated place,populated place
Kendalan-Su,1,river,stream
Kengerlu,1,populated place,populated place
Ker-Chai,1,river,stream
Keren,1,populated place,populated place
Kërgëz,1,populated place,populated place
Kerimbeyli,4,populated place,populated place
Keşbaşçay,1,river,stream
Keshbashchay,1,river,stream
Keshishkend,1,populated place,populated place
Keshkedar,1,populated place,populated place
Keshki,1,populated place,populated place
Keshkutan,1,populated place,populated place
Keshtazly,1,populated place,populated place
Keshtek,1,populated place,populated place
Keşikçidağ,1,mountain,elevation
Kesson Sayı,1,shoal,underwater elevation
Keyikqayası Dağı,1,mountain,elevation
Keymikh,1,populated place,populated place
Kəhnizdağ,1,mountain,elevation
Kələncə Dağı,1,mountain,elevation
Kələntər Dizə,1,populated place,populated place
Kələntərçay,1,river,stream
Kələqova Dağı,1,mountain,elevation
Kələtaxta Bulaq,1,spring,stream
Kəlləqoparan Dağı,1,mountain,elevation
Kəlov Dağı,1,mountain,elevation
Kəlvəzçay,2,river,stream
Kəm Dağı,1,mountain,elevation
Kəmçi Dağı,1,mountain,elevation
Kəmçikdağ,1,mountain,elevation
Kəmərli,1,river,stream
Kənd Şahbuz,1,populated place,populated place
Kəndxurd Dağ,1,mountain,elevation
Kəndyeri,1,populated place,populated place
Kəpəz Dağı,1,mountain,elevation
Kərəvuz,1,populated place,populated place
Kərimbəyli,5,populated place,populated place
Kətikdağ,1,mountain,elevation
Kətişen,1,populated place,populated place
Khach’in Tap’,1,populated place,populated place
Khach’inkhut’,1,mountain,elevation
Khagraarkh,1,river,stream
Khalakhalchay,1,river,stream
Khalfalichay,1,river,stream
Khalkhalchay,1,river,stream
Khanagyakh,3,populated place,populated place
Khanakakh,1,populated place,populated place
Khanali,2,populated place,populated place
Khanbagy,1,populated place,populated place
Khanlykoba,1,populated place,populated place
Khapytly,2,populated place,populated place
Kharan,1,populated place,populated place
Kharmandi Lake,1,lake,basin
Kharmidorchay,1,river,stream
Khashy,1,populated place,populated place
Khaspoladoba,1,populated place,populated place
Khatamalar,1,populated place,populated place
Khazraarkh,1,river,stream
Khazryakendchay,1,river,stream
Kheyrachay,1,river,stream
Khimran,1,populated place,populated place
Khndzoruti,1,mountains,elevated area
Khndzotkut,1,river,stream
Khndzur’-Kut’,1,river,stream
Khoshchobanly,3,populated place,populated place
Khynaly,1,populated place,populated place
Kiçan,1,populated place,populated place
Kichik-Akera,1,river,stream
Kiçik Acıçay,1,river,stream
Kiçik Axmaz Göl,1,lake,basin
Kiçik Dağı,1,mountain,elevation
Kiçik Hinaldağ,1,mountain,elevation
Kiçik İşıqlı Dağı,1,mountain,elevation
Kiçik Körfəz Gölü,1,lake,basin
Kiçik Muğan,1,river,stream
Kiçik Pirəli,1,populated place,populated place
Kikibaş Dağı,1,mountain,elevation
Kilisabugov,1,populated place,populated place
Kilyan-Chay,1,river,stream
Kimil,1,river,stream
Kira,1,populated place,populated place
Kirvədağ,1,mountain,elevation
Kiryaqanıt Dağı,1,mountain,elevation
Kişçay,1,river,stream
Kish,1,river,stream
Kishchay,1,river,stream
Kiyasty,1,populated place,populated place
Kizil-Chay,1,river,stream
Kobu,1,populated place,populated place
Kobuchay,2,river,stream
Ködəkli,1,populated place,populated place
Koghb,1,river,stream
Köhb,1,river,stream
Köhnə Bilgəh Burnu,1,cape,convex shoreline
Köhnəağdabançay,1,river,stream
Kokhb,1,river,stream
Kolakət Dağı,1,mountain,elevation
Kolanı,5,populated place,populated place
Kolany-Turuny,1,populated place,populated place
Kolatağ,1,river,stream
Kolayır,3,populated place,populated place
Kolludağ,1,mountain,elevation
Kömür Dağı,1,mountain,elevation
Komūr Qū’,1,mountain,elevation
Kömürdağ,1,mountain,elevation
Kömürköy Dağı,1,mountain,elevation
Kondzhavuchay,1,river,stream
Korakashly,1,populated place,populated place
Korbulaq,1,river,stream
Korch’u,1,populated place,populated place
Kores,1,river,stream
Kosadağ,1,mountain,elevation
Koshkara-Chay,1,river,stream
Kötəl Dağı,2,mountain,elevation
Kotur,1,river,stream
Koturchay,1,river,stream
Koun Dağı,1,mountain,elevation
Kousapat,1,populated place,populated place
Kovlarsary,1,populated place,populated place
Kovlyarsary,1,populated place,populated place
Kozly,1,populated place,populated place
Kts’iya,1,river,stream
Kub-yal-chay,1,river,stream
Kuba,1,river,stream
Kūh-e Ūch Dāgh,1,mountain,elevation
Kukheti,1,populated place,populated place
Kukhuroba,1,populated place,populated place
Küküçay,1,river,stream
Kükürdçay,1,river,stream
Küleru,1,river,stream
Kumlakh,2,populated place,populated place
Kumlu,1,populated place,populated place
Küngütçay,2,river,stream
Kür-Araz Ovalyghy,1,plain,area
Kura,1,river,stream
Kürdhacıçay,1,river,stream
Kürdlər,5,populated place,populated place
Kürdqəbir Dağı,1,mountain,elevation
Kürenbaba Dağı,1,mountain,elevation
Kürəkçay,2,river,stream
Kurmu-Chay,1,river,stream
Kurtchu,1,populated place,populated place
Kuruçay,1,river,stream
Kurudere,3,populated place,populated place
Kurveçay,1,river,stream
Kurvedağ,1,mountain,elevation
Kusarchay,1,river,stream
Kushchi-Ayrum,1,populated place,populated place
Kushchilyar,1,populated place,populated place
Kutkashin,1,populated place,populated place
Kuvanil’,1,populated place,populated place
Kuzlukchay,1,river,stream
Kyadabek,1,populated place,populated place
Kyal’bi-Guseynly,1,populated place,populated place
Kyamally,2,populated place,populated place
Kykyurdchay,1,river,stream
Kyrykly,2,populated place,populated place
Kyukyuchay,1,river,stream
Kyuneyut,1,river,stream
Kyurdakh,1,populated place,populated place
Kyurdkend,1,populated place,populated place
Kyurekchay,1,river,stream
Kyurt,2,populated place,populated place
Kyurt-Dam,1,populated place,populated place
Kyuryundzh,1,populated place,populated place
Kyzgayytdy,1,populated place,populated place
Lachinlar,1,populated place,populated place
Laçın Dağı,2,mountain,elevation
Laçınqaya Dağı,1,mountain,elevation
Lagodekh-Or,1,river,stream
Lagodekhi,1,river,stream
Lahıcqobu,1,river,stream
Lamak,1,populated place,populated place
Langi,1,populated place,populated place
Laza,2,populated place,populated place
Lencoran,1,populated place,populated place
Levçay,1,river,stream
Ləj Dağı,1,mountain,elevation
Ləkərçay,1,river,stream
Ləkətağ Dağı,1,mountain,elevation
Ləkinçay,1,river,stream
Ləkitçay,1,river,stream
Lələ-İlahi Dağı,1,hill,elevation
Ləngaran Dağı,1,mountain,elevation
Lənkəran,1,river,stream
Lənkəran Ovalığı,1,plain,area
Lərmərüd,1,populated place,populated place
Liman Akzybir,1,lake,basin
Limar Dağı,1,mountain,elevation
Lizbirtchay,1,river,stream
Lobir,1,populated place,populated place
Lovain,1,populated place,populated place
Lyakchylpak,1,populated place,populated place
Lyaki-Chay,1,river,stream
Lyalyaagadzhy,1,populated place,populated place
Lyalyabagirly,1,populated place,populated place
Lyalyakyaran,1,populated place,populated place
Lyamarchay,1,river,stream
Maari,1,populated place,populated place
Magarachay,1,river,stream
Mağarçay,1,river,stream
Mağmurtu Dağı,1,mountain,elevation
Magomallar,1,populated place,populated place
Makəlis-Skaro Bulaq,1,spring,stream
Makhmudkend,1,populated place,populated place
Mamadyuba,1,populated place,populated place
Mamedoba,2,populated place,populated place
Mamelichay,1,river,stream
Mamili-Chay,1,river,stream
Maniklou,1,populated place,populated place
Manqın Bulağı,1,spring,stream
Mansurlu,1,populated place,populated place
Manyuq,1,river,stream
Maraftaçay,1,river,stream
Maraldağ,2,mountain,elevation
Mashioba,1,populated place,populated place
Mashlyk,1,populated place,populated place
Mashtagi,1,populated place,populated place
Masrik,1,populated place,populated place
Masxit Dağ,1,mountain,elevation
Matalachay,1,river,stream
Mats’isshqali,1,river,stream
Maturtəpəsi Silsiləsi,1,mountains,elevated area
Maydançay,1,river,stream
Mazarchay,1,river,stream
Mazımqarışan,2,populated place,populated place
Mazqatoband Dağı,1,mountain,elevation
Mazymchay,1,river,stream
Mehlaybulaq,1,spring,stream
Mekhdikhanly,1,populated place,populated place
Mekhti-Kishlyagi,1,populated place,populated place
Melikbally,1,populated place,populated place
Meliklyar,1,populated place,populated place
Meşəniyal Dağı,1,mountain,elevation
Məmmədcanlı,1,populated place,populated place
Mərdanlı,1,populated place,populated place
Mərəbulaq,1,spring,stream
Mərzəlidağ,1,mountain,elevation
Mətəliçay,1,river,stream
Məyəş Dağ,1,mountain,elevation
Məzarçay,1,river,stream
Məzməzəkçay,1,river,stream
Mikiranchay,1,river,stream
Mikolan,1,populated place,populated place
Minəvər Dağı,1,mountain,elevation
Minkənd,1,populated place,populated place
Mir Bashir,1,populated place,populated place
Mirasafly,1,populated place,populated place
Mircəlal,1,populated place,populated place
Mirikend,2,populated place,populated place
Mirza Gasanly,1,populated place,populated place
Mirzəxan Bulaq,1,spring,stream
Mirzəyandigah,1,populated place,populated place
Misdağ,1,mountain,elevation
Mishni,5,populated place,populated place
Mıcıxçazar Şəlaləsı,1,waterfall,stream
Mıxlıqovaq,1,populated place,populated place
Mıxtökən Dağı,2,mountain,elevation
Möhrətac,1,populated place,populated place
Molday,1,populated place,populated place
Mollabayramlı,1,populated place,populated place
Mollakemally,1,populated place,populated place
Mollalısuyu,1,river,stream
Moloja,1,populated place,populated place
Molt,1,river,stream
Morajur,1,populated place,populated place
Moranlı,2,populated place,populated place
Mormor,1,populated place,populated place
Mormor Dağı,1,mountain,elevation
Moshkhmahat,1,populated place,populated place
Motolayataq,1,populated place,populated place
Mount Kurgan,1,hill,elevation
Mourov Silsiləsi,1,mountains,elevated area
Moushkapat,1,populated place,populated place
Movas,1,populated place,populated place
Mozkənd,1,populated place,populated place
Mücəkbinə,1,populated place,populated place
Mucu,1,populated place,populated place
Mücüçay,1,river,stream
Mudzhakhbina,1,populated place,populated place
Mugallu,1,populated place,populated place
Mugandzhuk-Muslum,1,populated place,populated place
Muğanlıçay,1,river,stream
Mukhakh,1,populated place,populated place
Mukhakhchsy,1,river,stream
Mulukh,1,populated place,populated place
Muntyanka,1,river,stream
Muradalyly,1,populated place,populated place
Muradbəyli,2,populated place,populated place
Muratly,1,populated place,populated place
Murdal,1,river,stream
Muroff-Dagh,1,mountains,elevated area
Mursal,2,populated place,populated place
Murugdere,1,river,stream
Muruqdərəçay,1,river,stream
Muruqqobu,1,river,stream
Musa-Kend,1,populated place,populated place
Müşkapat,1,populated place,populated place
Mustafakhanly,1,populated place,populated place
Mustafalı,1,populated place,populated place
Mustafalı Dağı,1,mountain,elevation
Mustafalıçay,1,river,stream
Mutudere,1,populated place,populated place
Mutyanka,1,river,stream
Muxax Çayı,1,river,stream
Muxaxçay,1,river,stream
Muxtariyyat,1,populated place,populated place
Myalikli,1,populated place,populated place
Myrty,2,populated place,populated place
Myurshyudoba,1,populated place,populated place
Myzymchay,1,river,stream
Myzymkaryshan,1,populated place,populated place
Naapet Dağı,1,mountain,elevation
Nağdalıçay,1,river,stream
Nakhichevanchay,1,river,stream
Nakhichevanik,1,populated place,populated place
Nalbənddağ,1,mountain,elevation
Narek,1,hill,elevation
Nareshtar,2,populated place,populated place
Nargilə Dağı,1,mountain,elevation
Nargin Island,1,island,island
Narişlar,1,populated place,populated place
Nauzhab-Kobu,1,river,stream
Navahı,3,populated place,populated place
Naxçıvançay,1,river,stream
Nazarchay,1,river,stream
Nazirçay,1,river,stream
Nerkin Oratag,1,populated place,populated place
Nəcəfalılar,1,populated place,populated place
Nəmirli,3,populated place,populated place
Nərdivan Dağı,1,mountain,elevation
Nərdivan Silsiləsi,1,mountains,elevated area
Nəzər Çayı,1,river,stream
Nəzərçay,2,river,stream
Nial Aşırımı,1,pass,depression
Nishonora,1,river,stream
Niyaldağ Silsiləsi,1,mountains,elevated area
Nizhniy Dzhurali,1,populated place,populated place
Nobaranyataq Dağ,1,mountain,elevation
Nogih Mənbə,1,spring,stream
Nohur Gölü,1,lake,basin
Nohur Taxtası Göl,1,lake,basin
Nohurqobu Gölü,1,lake,basin
Nokhurdyuzyu,1,populated place,populated place
Novkhana,1,populated place,populated place
Novlubulaq,1,spring,stream
Noyabut,1,populated place,populated place
Nöyütlü Dağ,1,mountain,elevation
Nudbarek-Dagh,1,mountain,elevation
Nüdis Qalası Dağı,1,mountain,elevation
Nügədi,1,populated place,populated place
Nuraddin,2,populated place,populated place
Nuran,2,populated place,populated place
Nurlu Bulağı,1,spring,stream
Nüsomurya,1,populated place,populated place
Nüvədi,1,populated place,populated place
Nyuravud,1,populated place,populated place
Ocaqdağ,1,mountain,elevation
Odzhek,1,populated place,populated place
Oghji,1,river,stream
Oğlanqalası Dağ,1,mountain,elevation
Oğlutəpə Dağı,1,mountain,elevation
Oğruca Dağı,1,mountain,elevation
Oğuldərə,1,populated place,populated place
Oğuz,1,populated place,populated place
Ohandağ,1,mountain,elevation
Okhakhdere,1,river,stream
Okhary Molly,1,populated place,populated place
Okhut,1,populated place,populated place
Öksüzdağ,1,mountain,elevation
Oktyabr’kend,1,populated place,populated place
Omarchay,1,river,stream
Ömərçay,2,river,stream
Orant,1,populated place,populated place
Ordubad Çayı,1,river,stream
Ordubadçay,1,river,stream
Ordukhankazma,1,populated place,populated place
Orsudovla Dağı,1,mountain,elevation
Orta Alkhanly,1,populated place,populated place
Orta Çalğan,1,populated place,populated place
Orta Gyuneyleya,1,populated place,populated place
Orta Köbərtəpə Dağı,1,mountain,elevation
Orta Salahlı,1,populated place,populated place
Orta Yeməzli,1,populated place,populated place
Orta-Karvend,1,populated place,populated place
Orta-Yemezli,1,populated place,populated place
Otmanoba,1,populated place,populated place
Ovala,1,populated place,populated place
Ovchulu,2,populated place,populated place
Ovutqobu,1,river,stream
Oxval Dağı,1,mountain,elevation
Oyuq Dağı,1,mountain,elevation
P’aylasar,1,mountains,elevated area
Paçkon Dağı,1,mountain,elevation
Padar-Chay,1,river,stream
Palantökən Dağ,1,mountain,elevation
Palantökən Silsiləsi,1,ridge,elevated area
Palçıqlı Dağı,1,mountain,elevation
Palokyat,1,populated place,populated place
Palshun,1,river,stream
Paragachay,1,river,stream
Parakənd Təpəsi Dağ,1,mountain,elevation
Paşaqol Dağı,1,mountain,elevation
Pchanyzchay,1,river,stream
Peisar,1,populated place,populated place
Peretes,1,populated place,populated place
Peştətük,1,populated place,populated place
Pəlikəş,1,populated place,populated place
Pərzad Bulaqı,1,spring,stream
Piçənis,1,populated place,populated place
Piçənis Çay,1,river,stream
Piçənisçay,2,river,stream
Pichenis,1,river,stream
Piləsər Silsiləsi,1,ridge,elevated area
Piramsin,1,populated place,populated place
Pircahan,1,populated place,populated place
Pirchay,1,river,stream
Pirdağ,3,mountain,elevation
Pirebedil’chay,1,river,stream
Pirəhməd Bulaqı,1,spring,stream
Pirilyar,1,populated place,populated place
Pirinsu,1,river,stream
Pirsaat,3,river,stream
Pirsaat Buxtası,1,bay,concave shoreline
Pirsachay,1,river,stream
Pirssagat,1,river,stream
Pirsultan,1,river,stream
Polad Bulaq,1,spring,stream
Pombagi,1,populated place,populated place
Poyly,1,populated place,populated place
Pushtabina,1,populated place,populated place
Püstəçay,1,river,stream
Qabaglıçay,1,river,stream
Qabıllı,1,populated place,populated place
Qabırrı,1,river,stream
Qaçaqkənd,1,populated place,populated place
Qadimkücə,1,populated place,populated place
Qaflan Dağı,1,mountain,elevation
Qalabaş Dağı,1,mountain,elevation
Qalac Zirvəsi,1,mountain,elevation
Qalaça,1,populated place,populated place
Qalaça Dağ,1,mountain,elevation
Qalaçay,2,river,stream
Qaladağ,2,mountain,elevation
Qaladəhnə,1,populated place,populated place
Qalagah Burnu,1,cape,convex shoreline
Qalanohur Gölü,1,lake,basin
Qalaqan,1,populated place,populated place
Qalaqu Dağı,1,mountain,elevation
Qalınçay,1,river,stream
Qalınqaya Dağı,1,mountain,elevation
Qalpirəquayu Dağı,1,mountain,elevation
Qam Qam Bulaq,1,spring,stream
Qanlı Silsiləsi,1,mountains,elevated area
Qapanlı,5,populated place,populated place
Qapıçay,1,river,stream
Qapıdaşqara Silsiləsi,1,mountains,elevated area
Qara Qaya Silsiləsi,1,mountains,elevated area
Qara Süleyman Dağı,1,mountain,elevation
Qaraarxac Dağı,1,mountain,elevation
Qarabağ Dağı,1,mountain,elevation
Qarabağ Silsiləsi,2,mountains,elevated area
Qaraboğaz Düzənliyi,1,plain,area
Qarabulaq,5,spring,stream
Qarabulaqçay,1,river,stream
Qaraca Dağı,1,hill,elevation
Qaraçay,13,river,stream
Qaraçura Dağı,1,mountain,elevation
Qarağaclı Dağı,1,mountain,elevation
Qarahacı,1,populated place,populated place
Qaraibad,1,populated place,populated place
Qaraislam Dağı,1,mountain,elevation
Qarakürə Dağı,1,mountain,elevation
Qaralar Dağı,1,mountain,elevation
Qaramanlı Bulaq,1,spring,stream
Qaramuradçay,1,river,stream
Qaranlıq,2,river,stream
Qaranlıq Çayı,2,river,stream
Qaranohurçay,2,river,stream
Qaraqan Şıxlar,1,populated place,populated place
Qaraqaya,1,river,stream
Qaraqaya Dağı,5,mountain,elevation
Qaraquş Dağı,3,mountain,elevation
Qaraquş Gölü,1,lake,basin
Qaraquşdağ,1,mountain,elevation
Qararçay,1,river,stream
Qararxaç,1,river,stream
Qarasiyəzən Dağ,1,mountain,elevation
Qarasu,1,river,stream
Qarasu Adası,1,island,island
Qaratəpə Dağı,3,mountain,elevation
Qaratikanlı Silsiləsi,1,mountains,elevated area
Qaratikanlı Sıra Dağları,1,mountains,elevated area
Qaraultəpə,1,mountain,elevation
Qaravul Dağı,1,mountain,elevation
Qarqar,1,populated place,populated place
Qarqarçay,1,river,stream
Qarqarçayın,1,river,stream
Qarqulutəpə,1,mountain,elevation
Qasbinə,1,populated place,populated place
Qaşdağ,1,mountain,elevation
Qasımbulaq,1,spring,stream
Qaşqa Dağı,1,mountain,elevation
Qatarqaya,1,mountain,elevation
Qatarxand Dağı,1,mountain,elevation
Qatax Dağı,1,mountain,elevation
Qatırölən Dağı,1,hill,elevation
Qavalaçay,1,river,stream
Qaxçay,1,river,stream
Qayadibi Bulaqı,1,spring,stream
Qayalı,2,populated place,populated place
Qaynararxac Dağı,1,mountain,elevation
Qazanbulaq,1,spring,stream
Qazanqoş Dağı,1,mountain,elevation
Qdım Asırımı,1,pass,depression
Qeybolan Dağ,1,mountain,elevation
Qez Verdī,1,mountain,elevation
Qəhrəmanlı,2,populated place,populated place
Qəlbigöl,1,lake,basin
Qəmbərçə Dağı,1,mountain,elevation
Qəndilağ,1,mountain,elevation
Qəribli,2,populated place,populated place
Qəşəd,1,populated place,populated place
Qişlaq,1,populated place,populated place
Qılınc Dağı,1,mountain,elevation
Qılqlov,1,populated place,populated place
Qımıl,1,river,stream
Qımılqışlaq,1,populated place,populated place
Qıraq Kəsəmən,1,populated place,populated place
Qırımzı Dağı,1,mountain,elevation
Qırmabulaq,1,river,stream
Qırmızı Bazar,1,populated place,populated place
Qırmızıdaş Dağ,1,mountain,elevation
Qırmızıdas Dağı,1,mountain,elevation
Qırxbulaq,2,river,stream
Qırxqız Dağı,1,mountain,elevation
Qışlaqdibi Silsiləsi,1,mountains,elevated area
Qızılcadağ,2,mountain,elevation
Qızıldağ,3,mountain,elevation
Qızıldaş Dağı,1,mountain,elevation
Qızılgüllük dagı,1,mountain,elevation
Qızılqaya,1,cliff,elevation
Qızılsu,1,river,stream
Qızılxanyal Dağı,1,mountain,elevation
Qızlarbulaq,1,spring,stream
Qızqotəpə Dağı,1,mountain,elevation
Qobuçay,3,river,stream
Qocadərəbaşı Dağı,1,mountain,elevation
Qoçbulaq,1,spring,stream
Qonaqgörməz Dağ,1,mountain,elevation
Qonur Dağı,1,mountain,elevation
Qoodançay,1,river,stream
Qorida Aşırım,1,pass,depression
Qoruqtəpə Dağı,1,mountain,elevation
Qoşabulaq,1,river,stream
Qoşakənd,1,populated place,populated place
Qoşanohur Gölü,1,lake,basin
Qoşayataq Dağı,1,mountain,elevation
Qoşqar Çayı,1,river,stream
Qoşqaraçay,1,river,stream
Qotur Dağı,1,mountain,elevation
Qoturdağ,3,mountain,elevation
Qovdağ,1,mountain,elevation
Qovlar,2,populated place,populated place
Qoxmuq,1,populated place,populated place
Qozluçay,3,river,stream
Qrıv Dağı,1,mountain,elevation
Qudiyalçay,1,river,stream
Qudurdağ Aşırımı,1,pass,depression
Qulunsu Dağı,1,mountain,elevation
Qumçay,1,river,stream
Qumlaq,2,populated place,populated place
Qurd Dağı,1,mountain,elevation
Qurdbulaq Dağ,1,mountain,elevation
Qurdcanaçay,1,river,stream
Qurddağ,1,mountain,elevation
Qurddərə,1,river,stream
Qurmuxçay,1,river,stream
Quruçay,1,river,stream
Qurudərə,1,river,stream
Quşqaya Silsiləsi,1,mountains,elevated area
Quton Dağı,1,mountain,elevation
Quzuqulağıdağ,1,mountain,elevation
Ramazanlı,1,populated place,populated place
Raqdan Dağı,1,mountain,elevation
Rasulzade,1,populated place,populated place
Rəmə,1,populated place,populated place
Rəşiddaş Dağı,1,mountain,elevation
Rəstəmli,1,populated place,populated place
Rəzəvül,1,populated place,populated place
Roşa Dağı,1,mountain,elevation
Rūd Aras,1,river,stream
Rūd-e Aras,1,river,stream
Rūd-e Āstārā,1,river,stream
Rudəkənar,2,populated place,populated place
Rūdkhāneh-ye Bolghār Chāy,2,river,stream
Rustavi,1,populated place,populated place
Rüstəm Dağı Kurqanı,1,mountain,elevation
Rüstəmboz Dağı,1,mountain,elevation
Rüstəmboz Silsiləsi,1,mountains,elevated area
Rvarud,1,populated place,populated place
Şabalıdçay,2,river,stream
Sabirkənd,2,populated place,populated place
Sabirli,1,populated place,populated place
Şabrançay,1,river,stream
Sadatlı,1,populated place,populated place
Sağ Acıçay,1,river,stream
Sağsağan Dağı,1,mountain,elevation
Sağsağanqalası Dağ,1,mountain,elevation
Şahbeyli,1,populated place,populated place
Şahbəyli,2,populated place,populated place
Şahbuz Çayı,1,river,stream
Şahkar Dağı,1,mountain,elevation
Şahvəlili,1,populated place,populated place
Sakar-Su,1,river,stream
Şakəmdağ,1,mountain,elevation
Sakkarsu,1,river,stream
Salmanlı,1,populated place,populated place
Saltakh,1,populated place,populated place
Salvard Dağı,1,mountain,elevation
Samanlıq,1,populated place,populated place
Şamlıq Dağı,1,mountain,elevation
Şapartı,1,river,stream
Saqqar Dağı,1,mountain,elevation
Saralchay,1,river,stream
Şärgi Arpa Çayı,1,river,stream
Sari-Gadzhili,1,populated place,populated place
Sariıqobu,1,river,stream
Sarisu,1,populated place,populated place
Sariyal Dağı,1,mountain,elevation
Sarı Yarımadası,1,peninsula,convex shoreline
Sarıarı Dağı,1,mountain,elevation
Sarıdərə Dağı,1,mountain,elevation
Sarıqamış,2,populated place,populated place
Sarıqayabaşı Burnu,1,cape,convex shoreline
Sarısu Gölü,1,lake,basin
Sarıtəpə Dağı,2,mountain,elevation
Sarıxan Dağı,1,mountain,elevation
Sarrts’ali,1,mountain,elevation
Sarsura,1,populated place,populated place
Sarvanlar,2,populated place,populated place
Sarvard,1,mountain,elevation
Şatırlı Dağı,1,mountain,elevation
Şavatar Dağı,1,mountain,elevation
Saxlabaran Dağı,1,mountain,elevation
Saxurçay,1,river,stream
Sayad Dağı,2,mountain,elevation
Şayıflı,1,populated place,populated place
Schach-Dagh,1,mountain,elevation
Schamchar,1,river,stream
Selesyuz,1,populated place,populated place
Seləli,1,populated place,populated place
Selimoba,1,populated place,populated place
Serzin-Shory,1,marsh,marsh
Seybatli,1,populated place,populated place
Seydançay,1,river,stream
Seyfalas,1,river,stream
Seyidişen,1,populated place,populated place
Şeylantəpə Dağı,1,mountain,elevation
Seyranbulaq,1,spring,stream
Şeytanbaşı Dağı,1,mountain,elevation
Seytas,2,populated place,populated place
Səidbəyli,1,river,stream
Səkərdağ,1,mountain,elevation
Şəlvə,1,river,stream
Şəlvə Çayı,1,river,stream
Səməd Vurğun,1,populated place,populated place
Səmədbəyli,1,populated place,populated place
Şəmir Dağı,1,mountain,elevation
Səngərçay,2,river,stream
Səngəsər Dağı,1,mountain,elevation
Səngi Muğan Adası,1,island,island
Şənlik,2,populated place,populated place
Şərbət Gölü,1,lake,basin
Sərəçay,1,river,stream
Şərətük,1,river,stream
Sərhədabad,1,populated place,populated place
Sərkəli,1,populated place,populated place
Sərqut Bulaqı,1,spring,stream
Sərsurə,1,populated place,populated place
Sərtdərə,1,river,stream
Shabalytchay,2,river,stream
Shabian,1,populated place,populated place
Shabranchay,1,river,stream
Shady,1,populated place,populated place
Shafily,1,populated place,populated place
Shak’ii,1,waterfall,stream
Shakhnabad,1,river,stream
Shakhveledli,2,populated place,populated place
Shakkmalar,1,populated place,populated place
Shal’va,1,river,stream
Shalka,1,river,stream
Shalva,1,populated place,populated place
Shamsadin,1,populated place,populated place
Shanshenchay,1,river,stream
Sharif,1,populated place,populated place
Shefek,3,populated place,populated place
Shefekli,1,populated place,populated place
Sheybey,1,populated place,populated place
Shikahogh,1,river,stream
Shikhur,1,river,stream
Shil’yanchay,1,river,stream
Shilavegyakh,1,populated place,populated place
Shilavengya,2,populated place,populated place
Shimri,1,populated place,populated place
Shingyadulan,1,populated place,populated place
Shordere,1,river,stream
Shorkend,1,populated place,populated place
Shorsuly,1,populated place,populated place
Shosh,1,populated place,populated place
Shotlanly,3,populated place,populated place
Shuryuk,1,populated place,populated place
Shykhbagy,1,populated place,populated place
Shykhgapyt,1,populated place,populated place
Şimali Qıraq Daşı,1,rocks,elevation
Şimali Qu Sayı,1,shoal,underwater elevation
Şinçay,1,river,stream
Sipiyad,1,populated place,populated place
Sipiyapart,1,populated place,populated place
Sirəkoda,1,river,stream
Şirinnohur Gölü,1,lake,basin
Şişbaşı Dağı,1,mountain,elevation
Sisçay,1,river,stream
Sital-Chay,1,river,stream
Şixandağ,1,populated place,populated place
Siyaku Dağı,2,mountain,elevation
Siyoker Silsiləsi,1,mountains,elevated area
Sığırlı,1,populated place,populated place
Sırıq,1,populated place,populated place
Sırsır Bulağı,1,spring,stream
Şıxandağ,1,mountain,elevation
Şıxhapıt,1,populated place,populated place
Sobu Dağı,1,mountain,elevation
Şoğland Dağ,1,mountain,elevation
Söhübqaladibi Bulaq,1,spring,stream
Sokhuldzhan,2,populated place,populated place
Şollarsu,1,river,stream
Soltanuçandaş Qayası,1,peak,elevation
Sonasar,3,populated place,populated place
Sor Sor,1,populated place,populated place
Şorbulaq,3,spring,stream
Şordərəsi,1,river,stream
Şorgöl,1,lake,basin
Sorsor,1,populated place,populated place
Şorsu,1,river,stream
Şortəpə Dağ,1,mountain,elevation
Soru,2,populated place,populated place
Sosuzlukh,1,populated place,populated place
Soyukbulaklar,1,populated place,populated place
Soyuq Dağı,1,mountain,elevation
Suaras,1,populated place,populated place
Şubanı,1,populated place,populated place
Suleymankend,1,populated place,populated place
Sultandheydər Dağı,1,mountain,elevation
Sultantəpə Dağı,1,mountain,elevation
Sulutəpə Dağı,1,mountain,elevation
Sumqayıtçay,1,river,stream
Sundy,1,populated place,populated place
Surnabab,1,populated place,populated place
Surxayxan Dağı,1,mountain,elevation
Susayçay,1,river,stream
Suskəndtəpə Dağı,1,hill,elevation
Susulçay,1,river,stream
Susuzluq Dağ,1,mountain,elevation
Synykhkilise,1,populated place,populated place
Syrkhavend,1,populated place,populated place
T’arrnagyut,1,populated place,populated place
T’ovushch’ay,1,river,stream
T’rghi,1,river,stream
T’ut’khun,1,populated place,populated place
Taçana Dağı,1,mountain,elevation
Tagavard,1,populated place,populated place
Tagily,1,populated place,populated place
Tahircal,1,river,stream
Takhta,1,river,stream
Takyaliakty,1,populated place,populated place
Talabı Dağı,1,mountain,elevation
Talachay,2,river,stream
Tālish,1,mountains,elevated area
Talish Hills,1,mountains,elevated area
Talish Mountains,1,mountains,elevated area
Talış Dağları,1,mountains,elevated area
Tanagirt,1,populated place,populated place
Tangeryu,1,river,stream
Tangiryu,1,river,stream
Tangyt,1,populated place,populated place
Tapbulaq,1,spring,stream
Tarıxor,1,river,stream
Tarkanly,1,populated place,populated place
Tataramagla,1,populated place,populated place
Tatyançay,1,river,stream
Tauragai,1,mountain,elevation
Tauzchay,1,river,stream
Tavaaltı Adası,1,island,island
Tavadaşı,1,river,stream
Tavus,1,populated place,populated place
Tavush,2,river,stream
Taxarxaçdağ,1,mountain,elevation
Taxtalar,1,populated place,populated place
Taxtatəpə Dağı,1,mountain,elevation
Taza-Abad,1,populated place,populated place
Tbili-Sklebi Bulaq,1,spring,stream
Tbyglu,1,populated place,populated place
Tel’,1,populated place,populated place
Telo,1,populated place,populated place
Tenis-Skaro Bulaq,1,spring,stream
Terter,1,river,stream
Teydağ,1,mountain,elevation
Təkəqayası Dağı,1,mountain,elevation
Təkəqıran Dağ,1,mountain,elevation
Təknə Dağı,1,mountain,elevation
Tənək Bulağı,1,spring,stream
Təngi Silsiləsi,1,mountains,elevated area
Tənkəmər Dağı,1,mountain,elevation
Tərtər,2,river,stream
Tərxanlı Dağı,1,mountain,elevation
Tikanlychay,1,river,stream
Tikyanlychay,1,river,stream
Tilgin-Chai,1,river,stream
Tivichay,1,river,stream
Tombul,1,populated place,populated place
Tomushi,1,populated place,populated place
Topchay,1,river,stream
Topqovaq Silsiləsi,1,mountains,elevated area
Torağayçay,1,river,stream
Tosik Dağı,1,mountain,elevation
Tövləbaşı Dağı,1,mountain,elevation
Tovləbaşıçay,1,river,stream
Tövləçuxuruçay,1,river,stream
Tsaghkaberd,1,populated place,populated place
Tsivi-Tskaro Dağı,1,mountain,elevation
Tsoorkats Aşırımı,1,pass,depression
Tsyurupa Sayı,1,shoal,underwater elevation
Tubikend,1,populated place,populated place
Tudar,1,river,stream
Tülək Dağı,1,mountain,elevation
Tuluqdərə,1,river,stream
Tulusçay,1,river,stream
Tüntülçay,1,river,stream
Turağay Dağı,1,mountain,elevation
Turagaychay,1,river,stream
Turfan Gölü,1,lake,basin
Turfanchay,1,river,stream
Turğun Dağı,1,mountain,elevation
Turian Chay,1,river,stream
Turianchay,1,river,stream
Türkan,1,populated place,populated place
Türkeş Çökəkliyi,1,depression,depression
Türyançay,1,populated place,populated place
Tushkhun,1,river,stream
Tutkhun,2,river,stream
Tuva Dağı,1,mountain,elevation
Tüyürbinə,1,populated place,populated place
Tykh,1,populated place,populated place
Tyulyar,1,populated place,populated place
Tyurkmen,1,populated place,populated place
Ucar,1,populated place,populated place
Üçbulaq,2,spring,stream
Üçbulaq Dağı,1,mountain,elevation
Uchgyunkyshlak,1,populated place,populated place
Uçuqçay,1,river,stream
Ukur,1,populated place,populated place
Ukurchay,1,river,stream
Ulubab,3,populated place,populated place
Ülyasi Dağı,1,mountain,elevation
Ülyası Silsiləsi,1,mountains,elevated area
Ulyumçay,1,river,stream
Umudalylar,1,populated place,populated place
Unanovu,1,populated place,populated place
Urduch,1,populated place,populated place
Urkmazli,1,populated place,populated place
Üryandağ,1,mountain,elevation
Ust’ye Kury,1,populated place,populated place
Uştal Dağı,1,mountain,elevation
Üzdənoba,1,populated place,populated place
Uzundərəsu,1,river,stream
Uzunoba,2,populated place,populated place
Välidağ,1,mountain,elevation
Vannik,1,populated place,populated place
Varafta Silsiləsi,1,mountains,elevated area
Vararak,2,river,stream
Varumy,1,populated place,populated place
Varzemlyar,1,populated place,populated place
Vaysalli,1,populated place,populated place
Velaporgo,1,populated place,populated place
Veli-Chay,1,river,stream
Velibeyli,1,populated place,populated place
Veqver,1,river,stream
Verin Chailou,1,populated place,populated place
Verin Sıznek,1,populated place,populated place
Verin-Syznek,1,populated place,populated place
Vesheryu,1,river,stream
Veusəlli,1,populated place,populated place
Veyisli,1,populated place,populated place
Vəlişliçay,1,river,stream
Vənənd Çayı,1,river,stream
Vənəndçay,1,river,stream
Viravul’,1,populated place,populated place
Viravul’chay,1,river,stream
Viravulçay,1,river,stream
Vorotan,2,river,stream
Xaçınçay,2,river,stream
Xaçısər Dağı,1,mountain,elevation
Xalaxelçay,1,river,stream
Xanbulan,1,populated place,populated place
Xancan Cılğası,1,river,stream
Xanədan Dağı,1,mountain,elevation
Xanəgah,5,populated place,populated place
Xanlıq,1,populated place,populated place
Xanmədbinə,1,populated place,populated place
Xanyaylağı Zirvəsi,1,mountain,elevation
Xarçaran Dağı,1,mountain,elevation
Xarxar,1,populated place,populated place
Xasıdərə,1,populated place,populated place
Xaşlıdağ,1,mountain,elevation
Xatınlı,1,populated place,populated place
Xatman,1,populated place,populated place
Xaznabut Dağ,1,mountain,elevation
Xeyrə Çayı,1,river,stream
Xeyrəçay,1,river,stream
Xəlfəliçay,1,river,stream
Xərxan,2,populated place,populated place
Xıdırlı Bulağı,2,spring,stream
Xırmanlar,1,populated place,populated place
Xışqalası Dağı,1,mountain,elevation
Xonaşençay,1,river,stream
Xonçadağ,1,mountain,elevation
Xoruzlu,1,populated place,populated place
Xoşbəxt Silsiləsi,1,mountains,elevated area
Xoşgədikçay,1,river,stream
Xotadərəçay,1,river,stream
Xrami,1,river,stream
Xudandərəsi Dağı,1,mountain,elevation
Yabanı Dağ,1,mountain,elevation
Yaftım Dağı,1,mountain,elevation
Yağıqincə Dağı,1,mountain,elevation
Yağır Gədi Dağı,1,mountain,elevation
Yağlıdərə,1,river,stream
Yahərgədik Dağı,1,mountain,elevation
Yalama,1,populated place,populated place
Yalyurd Dağı,1,mountain,elevation
Yanykhly,1,populated place,populated place
Yapalaqçay,1,river,stream
Yaquboba,1,populated place,populated place
Yaradullu,1,populated place,populated place
Yarakhmedli,1,populated place,populated place
Yaralıtəpə Dağı,1,mountain,elevation
Yarpaqlı Dağı,2,mountain,elevation
Yarpızbasar Dağı,1,mountain,elevation
Yasti Kobu,1,populated place,populated place
Yatag,1,populated place,populated place
Yavanı Dağı,1,mountain,elevation
Yaycı Düzü,1,plain,area
Yaydzhy,1,populated place,populated place
Yazqıraqçay,1,river,stream
Yeddibulaq,1,spring,stream
Yeddixırman Dağı,1,mountain,elevation
Yeddı,1,mountains,elevated area
Yelgədik Dağı,1,mountain,elevation
Yellicə Dağı,1,hill,elevation
Yemishanly,2,populated place,populated place
Yengica,1,populated place,populated place
Yengikend,2,populated place,populated place
Yenigyun,1,populated place,populated place
Yerliağalı,1,populated place,populated place
Yəhərtəpə Daği,1,river,stream
Yolocaq,1,populated place,populated place
Yolqullar,1,populated place,populated place
Yukhary Alyaz,1,populated place,populated place
Yukhary Astanly,1,populated place,populated place
Yukhary Dzhalgan,1,populated place,populated place
Yukhary Oysyuzlyu,1,populated place,populated place
Yukhary-Ayrum,1,populated place,populated place
Yukhary-Bychagchy,1,populated place,populated place
Yukhary-Nyugadi,1,populated place,populated place
Yukhary-Tala,1,populated place,populated place
Yukhary-Veysalli,1,populated place,populated place
Yuxarı Bradi,1,populated place,populated place
Yuxarı Bucaq,1,populated place,populated place
Yuxarı Əndəli,1,populated place,populated place
Yuxarı Güzlək,1,populated place,populated place
Yuxarı Uzunoba,1,populated place,populated place
Yuxarı Xocamsaqlı,1,populated place,populated place
Zabukh,1,river,stream
Zabuxçay,1,river,stream
Zağalar,1,populated place,populated place
Zagly,1,populated place,populated place
Zangel-Chay,1,river,stream
Zangene,1,populated place,populated place
Zarıslı Çayı,1,river,stream
Zarıslıçay,1,river,stream
Zarkulu,1,populated place,populated place
Zavadykh,1,populated place,populated place
Zert’i,1,populated place,populated place
Zeyd,1,populated place,populated place
Zeylik,2,populated place,populated place
Zəhmətkənd,1,populated place,populated place
Zəligöl,4,lake,basin
Zəmiçay,1,river,stream
Zəngçalqaya Silsiləsi,1,mountains,elevated area
Zəngəzur Silsiləsi,1,mountains,elevated area
Zəngi Dağı,1,mountain,elevation
Zəngidərəçay,1,river,stream
Zərdəgülçay,1,river,stream
Zərnavaçay,1,river,stream
Zəyəmçay,1,river,stream
Zəyərdağ,1,mountain,elevation
Zingirli Dağ,1,mountain,elevation
Zirik,2,populated place,populated place
Zogalasu,1,river,stream
Zoğallıdağ,2,mountain,elevation
Zorat,1,river,stream
Züd-Ost Qoltuğu Körfəzi,1,bay,concave shoreline
Zukhul,2,populated place,populated place
Zünqüləş,1,populated place,populated place
